$date
	Wed Nov 12 01:18:05 2025
$end
$version
	Icarus Verilog
$end
$timescale
	1ns
$end
$scope module techbanch $end
$var wire 1 ! tx_line $end
$var wire 1 " tx_done $end
$var wire 1 # tx_busy $end
$var wire 1 $ tick $end
$var wire 1 % rx_ready $end
$var wire 1 & rx_frame_err $end
$var wire 8 ' rx_data [7:0] $end
$var parameter 32 ( BAUD $end
$var parameter 32 ) CLOCK_FREQ $end
$var parameter 32 * OVERSAMPLE $end
$var reg 1 + clk $end
$var reg 1 , rst_n $end
$var reg 1 - rx_line $end
$var reg 8 . tx_data [7:0] $end
$var reg 1 / tx_send $end
$scope module u_baud $end
$var wire 1 + clk $end
$var wire 1 , rst_n $end
$var parameter 32 0 BAUD $end
$var parameter 32 1 CLKS_PER_TICK $end
$var parameter 32 2 CLOCK_FREQ $end
$var parameter 32 3 CNT_WIDTH $end
$var parameter 32 4 OVERSAMPLE $end
$var reg 3 5 counter [2:0] $end
$var reg 1 $ tick $end
$upscope $end
$scope module u_rx $end
$var wire 1 + clk $end
$var wire 1 - i_rx $end
$var wire 1 , rst_n $end
$var wire 1 $ tick $end
$var parameter 32 6 OVERSAMPLE $end
$var parameter 2 7 RX_DATA $end
$var parameter 2 8 RX_IDLE $end
$var parameter 2 9 RX_START $end
$var parameter 2 : RX_STOP $end
$var reg 3 ; bit_index [2:0] $end
$var reg 8 < o_data [7:0] $end
$var reg 1 % o_data_ready $end
$var reg 1 & o_frame_err $end
$var reg 5 = oversample_cnt [4:0] $end
$var reg 1 > rx_sync $end
$var reg 1 ? rx_sync_0 $end
$var reg 8 @ shift_reg [7:0] $end
$var reg 2 A state [1:0] $end
$upscope $end
$scope module u_tx $end
$var wire 1 + clk $end
$var wire 8 B i_data [7:0] $end
$var wire 1 / i_send $end
$var wire 1 , rst_n $end
$var wire 1 $ tick $end
$var parameter 32 C OVERSAMPLE $end
$var parameter 2 D TX_DATA $end
$var parameter 2 E TX_IDLE $end
$var parameter 2 F TX_START $end
$var parameter 2 G TX_STOP $end
$var reg 3 H bit_index [2:0] $end
$var reg 1 # o_busy $end
$var reg 1 " o_done $end
$var reg 1 ! o_tx $end
$var reg 4 I oversample_cnt [3:0] $end
$var reg 8 J shift_reg [7:0] $end
$var reg 2 K state [1:0] $end
$upscope $end
$scope task send_byte $end
$var reg 8 L data [7:0] $end
$upscope $end
$scope task send_uart_byte_to_rx $end
$var reg 8 M data [7:0] $end
$var integer 32 N i [31:0] $end
$var integer 32 O j [31:0] $end
$upscope $end
$upscope $end
$enddefinitions $end
$comment Show the parameter values. $end
$dumpall
b11 G
b1 F
b0 E
b10 D
b10000 C
b11 :
b1 9
b0 8
b10 7
b10000 6
b10000 4
b11 3
b11110100001001000000 2
b110 1
b10010110000000 0
b10000 *
b11110100001001000000 )
b10010110000000 (
$end
#0
$dumpvars
bx O
bx N
bx M
bx L
b0 K
b0 J
b0 I
b0 H
b0 B
b0 A
b0 @
1?
1>
b0 =
b0 <
b0 ;
b0 5
0/
b0 .
1-
0,
0+
b0 '
0&
0%
0$
0#
0"
1!
$end
#500
1+
#1000
0+
#1500
1+
#2000
0+
#2500
1+
#3000
0+
#3500
1+
#4000
0+
#4500
1+
#5000
0+
1,
#5500
b1 5
1+
#6000
0+
#6500
b10 5
1+
#7000
0+
#7500
b11 5
1+
#8000
0+
#8500
b100 5
1+
#9000
0+
#9500
b101 5
1+
#10000
0+
#10500
1$
b0 5
1+
#11000
0+
#11500
0$
b1 5
1+
#12000
0+
#12500
b10 5
1+
#13000
0+
#13500
b11 5
1+
#14000
0+
#14500
b100 5
1+
#15000
0+
b1010101 L
#15500
b101 5
1/
b1010101 .
b1010101 B
1+
#16000
0+
#16500
b1 K
1#
b1010101 J
1$
b0 5
0/
1+
#17000
0+
#17500
0$
b1 5
b1 I
0!
1+
#18000
0+
#18500
b10 5
1+
#19000
0+
#19500
b11 5
1+
#20000
0+
#20500
b100 5
1+
#21000
0+
#21500
b101 5
1+
#22000
0+
#22500
1$
b0 5
1+
#23000
0+
#23500
0$
b1 5
b10 I
1+
#24000
0+
#24500
b10 5
1+
#25000
0+
#25500
b11 5
1+
#26000
0+
#26500
b100 5
1+
#27000
0+
#27500
b101 5
1+
#28000
0+
#28500
1$
b0 5
1+
#29000
0+
#29500
0$
b1 5
b11 I
1+
#30000
0+
#30500
b10 5
1+
#31000
0+
#31500
b11 5
1+
#32000
0+
#32500
b100 5
1+
#33000
0+
#33500
b101 5
1+
#34000
0+
#34500
1$
b0 5
1+
#35000
0+
#35500
0$
b1 5
b100 I
1+
#36000
0+
#36500
b10 5
1+
#37000
0+
#37500
b11 5
1+
#38000
0+
#38500
b100 5
1+
#39000
0+
#39500
b101 5
1+
#40000
0+
#40500
1$
b0 5
1+
#41000
0+
#41500
0$
b1 5
b101 I
1+
#42000
0+
#42500
b10 5
1+
#43000
0+
#43500
b11 5
1+
#44000
0+
#44500
b100 5
1+
#45000
0+
#45500
b101 5
1+
#46000
0+
#46500
1$
b0 5
1+
#47000
0+
#47500
0$
b1 5
b110 I
1+
#48000
0+
#48500
b10 5
1+
#49000
0+
#49500
b11 5
1+
#50000
0+
#50500
b100 5
1+
#51000
0+
#51500
b101 5
1+
#52000
0+
#52500
1$
b0 5
1+
#53000
0+
#53500
0$
b1 5
b111 I
1+
#54000
0+
#54500
b10 5
1+
#55000
0+
#55500
b11 5
1+
#56000
0+
#56500
b100 5
1+
#57000
0+
#57500
b101 5
1+
#58000
0+
#58500
1$
b0 5
1+
#59000
0+
#59500
0$
b1 5
b1000 I
1+
#60000
0+
#60500
b10 5
1+
#61000
0+
#61500
b11 5
1+
#62000
0+
#62500
b100 5
1+
#63000
0+
#63500
b101 5
1+
#64000
0+
#64500
1$
b0 5
1+
#65000
0+
#65500
0$
b1 5
b1001 I
1+
#66000
0+
#66500
b10 5
1+
#67000
0+
#67500
b11 5
1+
#68000
0+
#68500
b100 5
1+
#69000
0+
#69500
b101 5
1+
#70000
0+
#70500
1$
b0 5
1+
#71000
0+
#71500
0$
b1 5
b1010 I
1+
#72000
0+
#72500
b10 5
1+
#73000
0+
#73500
b11 5
1+
#74000
0+
#74500
b100 5
1+
#75000
0+
#75500
b101 5
1+
#76000
0+
#76500
1$
b0 5
1+
#77000
0+
#77500
0$
b1 5
b1011 I
1+
#78000
0+
#78500
b10 5
1+
#79000
0+
#79500
b11 5
1+
#80000
0+
#80500
b100 5
1+
#81000
0+
#81500
b101 5
1+
#82000
0+
#82500
1$
b0 5
1+
#83000
0+
#83500
0$
b1 5
b1100 I
1+
#84000
0+
#84500
b10 5
1+
#85000
0+
#85500
b11 5
1+
#86000
0+
#86500
b100 5
1+
#87000
0+
#87500
b101 5
1+
#88000
0+
#88500
1$
b0 5
1+
#89000
0+
#89500
0$
b1 5
b1101 I
1+
#90000
0+
#90500
b10 5
1+
#91000
0+
#91500
b11 5
1+
#92000
0+
#92500
b100 5
1+
#93000
0+
#93500
b101 5
1+
#94000
0+
#94500
1$
b0 5
1+
#95000
0+
#95500
0$
b1 5
b1110 I
1+
#96000
0+
#96500
b10 5
1+
#97000
0+
#97500
b11 5
1+
#98000
0+
#98500
b100 5
1+
#99000
0+
#99500
b101 5
1+
#100000
0+
#100500
1$
b0 5
1+
#101000
0+
#101500
0$
b1 5
b1111 I
1+
#102000
0+
#102500
b10 5
1+
#103000
0+
#103500
b11 5
1+
#104000
0+
#104500
b100 5
1+
#105000
0+
#105500
b101 5
1+
#106000
0+
#106500
1$
b0 5
1+
#107000
0+
#107500
0$
b1 5
b10 K
b0 I
1+
#108000
0+
#108500
1!
b10 5
1+
#109000
0+
#109500
b11 5
1+
#110000
0+
#110500
b100 5
1+
#111000
0+
#111500
b101 5
1+
#112000
0+
#112500
1$
b0 5
1+
#113000
0+
#113500
0$
b1 5
b1 I
1+
#114000
0+
#114500
b10 5
1+
#115000
0+
#115500
b11 5
1+
#116000
0+
#116500
b100 5
1+
#117000
0+
#117500
b101 5
1+
#118000
0+
#118500
1$
b0 5
1+
#119000
0+
#119500
0$
b1 5
b10 I
1+
#120000
0+
#120500
b10 5
1+
#121000
0+
#121500
b11 5
1+
#122000
0+
#122500
b100 5
1+
#123000
0+
#123500
b101 5
1+
#124000
0+
#124500
1$
b0 5
1+
#125000
0+
#125500
0$
b1 5
b11 I
1+
#126000
0+
#126500
b10 5
1+
#127000
0+
#127500
b11 5
1+
#128000
0+
#128500
b100 5
1+
#129000
0+
#129500
b101 5
1+
#130000
0+
#130500
1$
b0 5
1+
#131000
0+
#131500
0$
b1 5
b100 I
1+
#132000
0+
#132500
b10 5
1+
#133000
0+
#133500
b11 5
1+
#134000
0+
#134500
b100 5
1+
#135000
0+
#135500
b101 5
1+
#136000
0+
#136500
1$
b0 5
1+
#137000
0+
#137500
0$
b1 5
b101 I
1+
#138000
0+
#138500
b10 5
1+
#139000
0+
#139500
b11 5
1+
#140000
0+
#140500
b100 5
1+
#141000
0+
#141500
b101 5
1+
#142000
0+
#142500
1$
b0 5
1+
#143000
0+
#143500
0$
b1 5
b110 I
1+
#144000
0+
#144500
b10 5
1+
#145000
0+
#145500
b11 5
1+
#146000
0+
#146500
b100 5
1+
#147000
0+
#147500
b101 5
1+
#148000
0+
#148500
1$
b0 5
1+
#149000
0+
#149500
0$
b1 5
b111 I
1+
#150000
0+
#150500
b10 5
1+
#151000
0+
#151500
b11 5
1+
#152000
0+
#152500
b100 5
1+
#153000
0+
#153500
b101 5
1+
#154000
0+
#154500
1$
b0 5
1+
#155000
0+
#155500
0$
b1 5
b1000 I
1+
#156000
0+
#156500
b10 5
1+
#157000
0+
#157500
b11 5
1+
#158000
0+
#158500
b100 5
1+
#159000
0+
#159500
b101 5
1+
#160000
0+
#160500
1$
b0 5
1+
#161000
0+
#161500
0$
b1 5
b1001 I
1+
#162000
0+
#162500
b10 5
1+
#163000
0+
#163500
b11 5
1+
#164000
0+
#164500
b100 5
1+
#165000
0+
#165500
b101 5
1+
#166000
0+
#166500
1$
b0 5
1+
#167000
0+
#167500
0$
b1 5
b1010 I
1+
#168000
0+
#168500
b10 5
1+
#169000
0+
#169500
b11 5
1+
#170000
0+
#170500
b100 5
1+
#171000
0+
#171500
b101 5
1+
#172000
0+
#172500
1$
b0 5
1+
#173000
0+
#173500
0$
b1 5
b1011 I
1+
#174000
0+
#174500
b10 5
1+
#175000
0+
#175500
b11 5
1+
#176000
0+
#176500
b100 5
1+
#177000
0+
#177500
b101 5
1+
#178000
0+
#178500
1$
b0 5
1+
#179000
0+
#179500
0$
b1 5
b1100 I
1+
#180000
0+
#180500
b10 5
1+
#181000
0+
#181500
b11 5
1+
#182000
0+
#182500
b100 5
1+
#183000
0+
#183500
b101 5
1+
#184000
0+
#184500
1$
b0 5
1+
#185000
0+
#185500
0$
b1 5
b1101 I
1+
#186000
0+
#186500
b10 5
1+
#187000
0+
#187500
b11 5
1+
#188000
0+
#188500
b100 5
1+
#189000
0+
#189500
b101 5
1+
#190000
0+
#190500
1$
b0 5
1+
#191000
0+
#191500
0$
b1 5
b1110 I
1+
#192000
0+
#192500
b10 5
1+
#193000
0+
#193500
b11 5
1+
#194000
0+
#194500
b100 5
1+
#195000
0+
#195500
b101 5
1+
#196000
0+
#196500
1$
b0 5
1+
#197000
0+
#197500
0$
b1 5
b1111 I
1+
#198000
0+
#198500
b10 5
1+
#199000
0+
#199500
b11 5
1+
#200000
0+
#200500
b100 5
1+
#201000
0+
#201500
b101 5
1+
#202000
0+
#202500
1$
b0 5
1+
#203000
0+
#203500
0$
b1 5
b1 H
b101010 J
b0 I
1+
#204000
0+
#204500
0!
b10 5
1+
#205000
0+
#205500
b11 5
1+
#206000
0+
#206500
b100 5
1+
#207000
0+
#207500
b101 5
1+
#208000
0+
#208500
1$
b0 5
1+
#209000
0+
#209500
0$
b1 5
b1 I
1+
#210000
0+
#210500
b10 5
1+
#211000
0+
#211500
b11 5
1+
#212000
0+
#212500
b100 5
1+
#213000
0+
#213500
b101 5
1+
#214000
0+
#214500
1$
b0 5
1+
#215000
0+
#215500
0$
b1 5
b10 I
1+
#216000
0+
#216500
b10 5
1+
#217000
0+
#217500
b11 5
1+
#218000
0+
#218500
b100 5
1+
#219000
0+
#219500
b101 5
1+
#220000
0+
#220500
1$
b0 5
1+
#221000
0+
#221500
0$
b1 5
b11 I
1+
#222000
0+
#222500
b10 5
1+
#223000
0+
#223500
b11 5
1+
#224000
0+
#224500
b100 5
1+
#225000
0+
#225500
b101 5
1+
#226000
0+
#226500
1$
b0 5
1+
#227000
0+
#227500
0$
b1 5
b100 I
1+
#228000
0+
#228500
b10 5
1+
#229000
0+
#229500
b11 5
1+
#230000
0+
#230500
b100 5
1+
#231000
0+
#231500
b101 5
1+
#232000
0+
#232500
1$
b0 5
1+
#233000
0+
#233500
0$
b1 5
b101 I
1+
#234000
0+
#234500
b10 5
1+
#235000
0+
#235500
b11 5
1+
#236000
0+
#236500
b100 5
1+
#237000
0+
#237500
b101 5
1+
#238000
0+
#238500
1$
b0 5
1+
#239000
0+
#239500
0$
b1 5
b110 I
1+
#240000
0+
#240500
b10 5
1+
#241000
0+
#241500
b11 5
1+
#242000
0+
#242500
b100 5
1+
#243000
0+
#243500
b101 5
1+
#244000
0+
#244500
1$
b0 5
1+
#245000
0+
#245500
0$
b1 5
b111 I
1+
#246000
0+
#246500
b10 5
1+
#247000
0+
#247500
b11 5
1+
#248000
0+
#248500
b100 5
1+
#249000
0+
#249500
b101 5
1+
#250000
0+
#250500
1$
b0 5
1+
#251000
0+
#251500
0$
b1 5
b1000 I
1+
#252000
0+
#252500
b10 5
1+
#253000
0+
#253500
b11 5
1+
#254000
0+
#254500
b100 5
1+
#255000
0+
#255500
b101 5
1+
#256000
0+
#256500
1$
b0 5
1+
#257000
0+
#257500
0$
b1 5
b1001 I
1+
#258000
0+
#258500
b10 5
1+
#259000
0+
#259500
b11 5
1+
#260000
0+
#260500
b100 5
1+
#261000
0+
#261500
b101 5
1+
#262000
0+
#262500
1$
b0 5
1+
#263000
0+
#263500
0$
b1 5
b1010 I
1+
#264000
0+
#264500
b10 5
1+
#265000
0+
#265500
b11 5
1+
#266000
0+
#266500
b100 5
1+
#267000
0+
#267500
b101 5
1+
#268000
0+
#268500
1$
b0 5
1+
#269000
0+
#269500
0$
b1 5
b1011 I
1+
#270000
0+
#270500
b10 5
1+
#271000
0+
#271500
b11 5
1+
#272000
0+
#272500
b100 5
1+
#273000
0+
#273500
b101 5
1+
#274000
0+
#274500
1$
b0 5
1+
#275000
0+
#275500
0$
b1 5
b1100 I
1+
#276000
0+
#276500
b10 5
1+
#277000
0+
#277500
b11 5
1+
#278000
0+
#278500
b100 5
1+
#279000
0+
#279500
b101 5
1+
#280000
0+
#280500
1$
b0 5
1+
#281000
0+
#281500
0$
b1 5
b1101 I
1+
#282000
0+
#282500
b10 5
1+
#283000
0+
#283500
b11 5
1+
#284000
0+
#284500
b100 5
1+
#285000
0+
#285500
b101 5
1+
#286000
0+
#286500
1$
b0 5
1+
#287000
0+
#287500
0$
b1 5
b1110 I
1+
#288000
0+
#288500
b10 5
1+
#289000
0+
#289500
b11 5
1+
#290000
0+
#290500
b100 5
1+
#291000
0+
#291500
b101 5
1+
#292000
0+
#292500
1$
b0 5
1+
#293000
0+
#293500
0$
b1 5
b1111 I
1+
#294000
0+
#294500
b10 5
1+
#295000
0+
#295500
b11 5
1+
#296000
0+
#296500
b100 5
1+
#297000
0+
#297500
b101 5
1+
#298000
0+
#298500
1$
b0 5
1+
#299000
0+
#299500
0$
b1 5
b10 H
b10101 J
b0 I
1+
#300000
0+
#300500
1!
b10 5
1+
#301000
0+
#301500
b11 5
1+
#302000
0+
#302500
b100 5
1+
#303000
0+
#303500
b101 5
1+
#304000
0+
#304500
1$
b0 5
1+
#305000
0+
#305500
0$
b1 5
b1 I
1+
#306000
0+
#306500
b10 5
1+
#307000
0+
#307500
b11 5
1+
#308000
0+
#308500
b100 5
1+
#309000
0+
#309500
b101 5
1+
#310000
0+
#310500
1$
b0 5
1+
#311000
0+
#311500
0$
b1 5
b10 I
1+
#312000
0+
#312500
b10 5
1+
#313000
0+
#313500
b11 5
1+
#314000
0+
#314500
b100 5
1+
#315000
0+
#315500
b101 5
1+
#316000
0+
#316500
1$
b0 5
1+
#317000
0+
#317500
0$
b1 5
b11 I
1+
#318000
0+
#318500
b10 5
1+
#319000
0+
#319500
b11 5
1+
#320000
0+
#320500
b100 5
1+
#321000
0+
#321500
b101 5
1+
#322000
0+
#322500
1$
b0 5
1+
#323000
0+
#323500
0$
b1 5
b100 I
1+
#324000
0+
#324500
b10 5
1+
#325000
0+
#325500
b11 5
1+
#326000
0+
#326500
b100 5
1+
#327000
0+
#327500
b101 5
1+
#328000
0+
#328500
1$
b0 5
1+
#329000
0+
#329500
0$
b1 5
b101 I
1+
#330000
0+
#330500
b10 5
1+
#331000
0+
#331500
b11 5
1+
#332000
0+
#332500
b100 5
1+
#333000
0+
#333500
b101 5
1+
#334000
0+
#334500
1$
b0 5
1+
#335000
0+
#335500
0$
b1 5
b110 I
1+
#336000
0+
#336500
b10 5
1+
#337000
0+
#337500
b11 5
1+
#338000
0+
#338500
b100 5
1+
#339000
0+
#339500
b101 5
1+
#340000
0+
#340500
1$
b0 5
1+
#341000
0+
#341500
0$
b1 5
b111 I
1+
#342000
0+
#342500
b10 5
1+
#343000
0+
#343500
b11 5
1+
#344000
0+
#344500
b100 5
1+
#345000
0+
#345500
b101 5
1+
#346000
0+
#346500
1$
b0 5
1+
#347000
0+
#347500
0$
b1 5
b1000 I
1+
#348000
0+
#348500
b10 5
1+
#349000
0+
#349500
b11 5
1+
#350000
0+
#350500
b100 5
1+
#351000
0+
#351500
b101 5
1+
#352000
0+
#352500
1$
b0 5
1+
#353000
0+
#353500
0$
b1 5
b1001 I
1+
#354000
0+
#354500
b10 5
1+
#355000
0+
#355500
b11 5
1+
#356000
0+
#356500
b100 5
1+
#357000
0+
#357500
b101 5
1+
#358000
0+
#358500
1$
b0 5
1+
#359000
0+
#359500
0$
b1 5
b1010 I
1+
#360000
0+
#360500
b10 5
1+
#361000
0+
#361500
b11 5
1+
#362000
0+
#362500
b100 5
1+
#363000
0+
#363500
b101 5
1+
#364000
0+
#364500
1$
b0 5
1+
#365000
0+
#365500
0$
b1 5
b1011 I
1+
#366000
0+
#366500
b10 5
1+
#367000
0+
#367500
b11 5
1+
#368000
0+
#368500
b100 5
1+
#369000
0+
#369500
b101 5
1+
#370000
0+
#370500
1$
b0 5
1+
#371000
0+
#371500
0$
b1 5
b1100 I
1+
#372000
0+
#372500
b10 5
1+
#373000
0+
#373500
b11 5
1+
#374000
0+
#374500
b100 5
1+
#375000
0+
#375500
b101 5
1+
#376000
0+
#376500
1$
b0 5
1+
#377000
0+
#377500
0$
b1 5
b1101 I
1+
#378000
0+
#378500
b10 5
1+
#379000
0+
#379500
b11 5
1+
#380000
0+
#380500
b100 5
1+
#381000
0+
#381500
b101 5
1+
#382000
0+
#382500
1$
b0 5
1+
#383000
0+
#383500
0$
b1 5
b1110 I
1+
#384000
0+
#384500
b10 5
1+
#385000
0+
#385500
b11 5
1+
#386000
0+
#386500
b100 5
1+
#387000
0+
#387500
b101 5
1+
#388000
0+
#388500
1$
b0 5
1+
#389000
0+
#389500
0$
b1 5
b1111 I
1+
#390000
0+
#390500
b10 5
1+
#391000
0+
#391500
b11 5
1+
#392000
0+
#392500
b100 5
1+
#393000
0+
#393500
b101 5
1+
#394000
0+
#394500
1$
b0 5
1+
#395000
0+
#395500
0$
b1 5
b11 H
b1010 J
b0 I
1+
#396000
0+
#396500
0!
b10 5
1+
#397000
0+
#397500
b11 5
1+
#398000
0+
#398500
b100 5
1+
#399000
0+
#399500
b101 5
1+
#400000
0+
#400500
1$
b0 5
1+
#401000
0+
#401500
0$
b1 5
b1 I
1+
#402000
0+
#402500
b10 5
1+
#403000
0+
#403500
b11 5
1+
#404000
0+
#404500
b100 5
1+
#405000
0+
#405500
b101 5
1+
#406000
0+
#406500
1$
b0 5
1+
#407000
0+
#407500
0$
b1 5
b10 I
1+
#408000
0+
#408500
b10 5
1+
#409000
0+
#409500
b11 5
1+
#410000
0+
#410500
b100 5
1+
#411000
0+
#411500
b101 5
1+
#412000
0+
#412500
1$
b0 5
1+
#413000
0+
#413500
0$
b1 5
b11 I
1+
#414000
0+
#414500
b10 5
1+
#415000
0+
#415500
b11 5
1+
#416000
0+
#416500
b100 5
1+
#417000
0+
#417500
b101 5
1+
#418000
0+
#418500
1$
b0 5
1+
#419000
0+
#419500
0$
b1 5
b100 I
1+
#420000
0+
#420500
b10 5
1+
#421000
0+
#421500
b11 5
1+
#422000
0+
#422500
b100 5
1+
#423000
0+
#423500
b101 5
1+
#424000
0+
#424500
1$
b0 5
1+
#425000
0+
#425500
0$
b1 5
b101 I
1+
#426000
0+
#426500
b10 5
1+
#427000
0+
#427500
b11 5
1+
#428000
0+
#428500
b100 5
1+
#429000
0+
#429500
b101 5
1+
#430000
0+
#430500
1$
b0 5
1+
#431000
0+
#431500
0$
b1 5
b110 I
1+
#432000
0+
#432500
b10 5
1+
#433000
0+
#433500
b11 5
1+
#434000
0+
#434500
b100 5
1+
#435000
0+
#435500
b101 5
1+
#436000
0+
#436500
1$
b0 5
1+
#437000
0+
#437500
0$
b1 5
b111 I
1+
#438000
0+
#438500
b10 5
1+
#439000
0+
#439500
b11 5
1+
#440000
0+
#440500
b100 5
1+
#441000
0+
#441500
b101 5
1+
#442000
0+
#442500
1$
b0 5
1+
#443000
0+
#443500
0$
b1 5
b1000 I
1+
#444000
0+
#444500
b10 5
1+
#445000
0+
#445500
b11 5
1+
#446000
0+
#446500
b100 5
1+
#447000
0+
#447500
b101 5
1+
#448000
0+
#448500
1$
b0 5
1+
#449000
0+
#449500
0$
b1 5
b1001 I
1+
#450000
0+
#450500
b10 5
1+
#451000
0+
#451500
b11 5
1+
#452000
0+
#452500
b100 5
1+
#453000
0+
#453500
b101 5
1+
#454000
0+
#454500
1$
b0 5
1+
#455000
0+
#455500
0$
b1 5
b1010 I
1+
#456000
0+
#456500
b10 5
1+
#457000
0+
#457500
b11 5
1+
#458000
0+
#458500
b100 5
1+
#459000
0+
#459500
b101 5
1+
#460000
0+
#460500
1$
b0 5
1+
#461000
0+
#461500
0$
b1 5
b1011 I
1+
#462000
0+
#462500
b10 5
1+
#463000
0+
#463500
b11 5
1+
#464000
0+
#464500
b100 5
1+
#465000
0+
#465500
b101 5
1+
#466000
0+
#466500
1$
b0 5
1+
#467000
0+
#467500
0$
b1 5
b1100 I
1+
#468000
0+
#468500
b10 5
1+
#469000
0+
#469500
b11 5
1+
#470000
0+
#470500
b100 5
1+
#471000
0+
#471500
b101 5
1+
#472000
0+
#472500
1$
b0 5
1+
#473000
0+
#473500
0$
b1 5
b1101 I
1+
#474000
0+
#474500
b10 5
1+
#475000
0+
#475500
b11 5
1+
#476000
0+
#476500
b100 5
1+
#477000
0+
#477500
b101 5
1+
#478000
0+
#478500
1$
b0 5
1+
#479000
0+
#479500
0$
b1 5
b1110 I
1+
#480000
0+
#480500
b10 5
1+
#481000
0+
#481500
b11 5
1+
#482000
0+
#482500
b100 5
1+
#483000
0+
#483500
b101 5
1+
#484000
0+
#484500
1$
b0 5
1+
#485000
0+
#485500
0$
b1 5
b1111 I
1+
#486000
0+
#486500
b10 5
1+
#487000
0+
#487500
b11 5
1+
#488000
0+
#488500
b100 5
1+
#489000
0+
#489500
b101 5
1+
#490000
0+
#490500
1$
b0 5
1+
#491000
0+
#491500
0$
b1 5
b100 H
b101 J
b0 I
1+
#492000
0+
#492500
1!
b10 5
1+
#493000
0+
#493500
b11 5
1+
#494000
0+
#494500
b100 5
1+
#495000
0+
#495500
b101 5
1+
#496000
0+
#496500
1$
b0 5
1+
#497000
0+
#497500
0$
b1 5
b1 I
1+
#498000
0+
#498500
b10 5
1+
#499000
0+
#499500
b11 5
1+
#500000
0+
#500500
b100 5
1+
#501000
0+
#501500
b101 5
1+
#502000
0+
#502500
1$
b0 5
1+
#503000
0+
#503500
0$
b1 5
b10 I
1+
#504000
0+
#504500
b10 5
1+
#505000
0+
#505500
b11 5
1+
#506000
0+
#506500
b100 5
1+
#507000
0+
#507500
b101 5
1+
#508000
0+
#508500
1$
b0 5
1+
#509000
0+
#509500
0$
b1 5
b11 I
1+
#510000
0+
#510500
b10 5
1+
#511000
0+
#511500
b11 5
1+
#512000
0+
#512500
b100 5
1+
#513000
0+
#513500
b101 5
1+
#514000
0+
#514500
1$
b0 5
1+
#515000
0+
#515500
0$
b1 5
b100 I
1+
#516000
0+
#516500
b10 5
1+
#517000
0+
#517500
b11 5
1+
#518000
0+
#518500
b100 5
1+
#519000
0+
#519500
b101 5
1+
#520000
0+
#520500
1$
b0 5
1+
#521000
0+
#521500
0$
b1 5
b101 I
1+
#522000
0+
#522500
b10 5
1+
#523000
0+
#523500
b11 5
1+
#524000
0+
#524500
b100 5
1+
#525000
0+
#525500
b101 5
1+
#526000
0+
#526500
1$
b0 5
1+
#527000
0+
#527500
0$
b1 5
b110 I
1+
#528000
0+
#528500
b10 5
1+
#529000
0+
#529500
b11 5
1+
#530000
0+
#530500
b100 5
1+
#531000
0+
#531500
b101 5
1+
#532000
0+
#532500
1$
b0 5
1+
#533000
0+
#533500
0$
b1 5
b111 I
1+
#534000
0+
#534500
b10 5
1+
#535000
0+
#535500
b11 5
1+
#536000
0+
#536500
b100 5
1+
#537000
0+
#537500
b101 5
1+
#538000
0+
#538500
1$
b0 5
1+
#539000
0+
#539500
0$
b1 5
b1000 I
1+
#540000
0+
#540500
b10 5
1+
#541000
0+
#541500
b11 5
1+
#542000
0+
#542500
b100 5
1+
#543000
0+
#543500
b101 5
1+
#544000
0+
#544500
1$
b0 5
1+
#545000
0+
#545500
0$
b1 5
b1001 I
1+
#546000
0+
#546500
b10 5
1+
#547000
0+
#547500
b11 5
1+
#548000
0+
#548500
b100 5
1+
#549000
0+
#549500
b101 5
1+
#550000
0+
#550500
1$
b0 5
1+
#551000
0+
#551500
0$
b1 5
b1010 I
1+
#552000
0+
#552500
b10 5
1+
#553000
0+
#553500
b11 5
1+
#554000
0+
#554500
b100 5
1+
#555000
0+
#555500
b101 5
1+
#556000
0+
#556500
1$
b0 5
1+
#557000
0+
#557500
0$
b1 5
b1011 I
1+
#558000
0+
#558500
b10 5
1+
#559000
0+
#559500
b11 5
1+
#560000
0+
#560500
b100 5
1+
#561000
0+
#561500
b101 5
1+
#562000
0+
#562500
1$
b0 5
1+
#563000
0+
#563500
0$
b1 5
b1100 I
1+
#564000
0+
#564500
b10 5
1+
#565000
0+
#565500
b11 5
1+
#566000
0+
#566500
b100 5
1+
#567000
0+
#567500
b101 5
1+
#568000
0+
#568500
1$
b0 5
1+
#569000
0+
#569500
0$
b1 5
b1101 I
1+
#570000
0+
#570500
b10 5
1+
#571000
0+
#571500
b11 5
1+
#572000
0+
#572500
b100 5
1+
#573000
0+
#573500
b101 5
1+
#574000
0+
#574500
1$
b0 5
1+
#575000
0+
#575500
0$
b1 5
b1110 I
1+
#576000
0+
#576500
b10 5
1+
#577000
0+
#577500
b11 5
1+
#578000
0+
#578500
b100 5
1+
#579000
0+
#579500
b101 5
1+
#580000
0+
#580500
1$
b0 5
1+
#581000
0+
#581500
0$
b1 5
b1111 I
1+
#582000
0+
#582500
b10 5
1+
#583000
0+
#583500
b11 5
1+
#584000
0+
#584500
b100 5
1+
#585000
0+
#585500
b101 5
1+
#586000
0+
#586500
1$
b0 5
1+
#587000
0+
#587500
0$
b1 5
b101 H
b10 J
b0 I
1+
#588000
0+
#588500
0!
b10 5
1+
#589000
0+
#589500
b11 5
1+
#590000
0+
#590500
b100 5
1+
#591000
0+
#591500
b101 5
1+
#592000
0+
#592500
1$
b0 5
1+
#593000
0+
#593500
0$
b1 5
b1 I
1+
#594000
0+
#594500
b10 5
1+
#595000
0+
#595500
b11 5
1+
#596000
0+
#596500
b100 5
1+
#597000
0+
#597500
b101 5
1+
#598000
0+
#598500
1$
b0 5
1+
#599000
0+
#599500
0$
b1 5
b10 I
1+
#600000
0+
#600500
b10 5
1+
#601000
0+
#601500
b11 5
1+
#602000
0+
#602500
b100 5
1+
#603000
0+
#603500
b101 5
1+
#604000
0+
#604500
1$
b0 5
1+
#605000
0+
#605500
0$
b1 5
b11 I
1+
#606000
0+
#606500
b10 5
1+
#607000
0+
#607500
b11 5
1+
#608000
0+
#608500
b100 5
1+
#609000
0+
#609500
b101 5
1+
#610000
0+
#610500
1$
b0 5
1+
#611000
0+
#611500
0$
b1 5
b100 I
1+
#612000
0+
#612500
b10 5
1+
#613000
0+
#613500
b11 5
1+
#614000
0+
#614500
b100 5
1+
#615000
0+
#615500
b101 5
1+
#616000
0+
#616500
1$
b0 5
1+
#617000
0+
#617500
0$
b1 5
b101 I
1+
#618000
0+
#618500
b10 5
1+
#619000
0+
#619500
b11 5
1+
#620000
0+
#620500
b100 5
1+
#621000
0+
#621500
b101 5
1+
#622000
0+
#622500
1$
b0 5
1+
#623000
0+
#623500
0$
b1 5
b110 I
1+
#624000
0+
#624500
b10 5
1+
#625000
0+
#625500
b11 5
1+
#626000
0+
#626500
b100 5
1+
#627000
0+
#627500
b101 5
1+
#628000
0+
#628500
1$
b0 5
1+
#629000
0+
#629500
0$
b1 5
b111 I
1+
#630000
0+
#630500
b10 5
1+
#631000
0+
#631500
b11 5
1+
#632000
0+
#632500
b100 5
1+
#633000
0+
#633500
b101 5
1+
#634000
0+
#634500
1$
b0 5
1+
#635000
0+
#635500
0$
b1 5
b1000 I
1+
#636000
0+
#636500
b10 5
1+
#637000
0+
#637500
b11 5
1+
#638000
0+
#638500
b100 5
1+
#639000
0+
#639500
b101 5
1+
#640000
0+
#640500
1$
b0 5
1+
#641000
0+
#641500
0$
b1 5
b1001 I
1+
#642000
0+
#642500
b10 5
1+
#643000
0+
#643500
b11 5
1+
#644000
0+
#644500
b100 5
1+
#645000
0+
#645500
b101 5
1+
#646000
0+
#646500
1$
b0 5
1+
#647000
0+
#647500
0$
b1 5
b1010 I
1+
#648000
0+
#648500
b10 5
1+
#649000
0+
#649500
b11 5
1+
#650000
0+
#650500
b100 5
1+
#651000
0+
#651500
b101 5
1+
#652000
0+
#652500
1$
b0 5
1+
#653000
0+
#653500
0$
b1 5
b1011 I
1+
#654000
0+
#654500
b10 5
1+
#655000
0+
#655500
b11 5
1+
#656000
0+
#656500
b100 5
1+
#657000
0+
#657500
b101 5
1+
#658000
0+
#658500
1$
b0 5
1+
#659000
0+
#659500
0$
b1 5
b1100 I
1+
#660000
0+
#660500
b10 5
1+
#661000
0+
#661500
b11 5
1+
#662000
0+
#662500
b100 5
1+
#663000
0+
#663500
b101 5
1+
#664000
0+
#664500
1$
b0 5
1+
#665000
0+
#665500
0$
b1 5
b1101 I
1+
#666000
0+
#666500
b10 5
1+
#667000
0+
#667500
b11 5
1+
#668000
0+
#668500
b100 5
1+
#669000
0+
#669500
b101 5
1+
#670000
0+
#670500
1$
b0 5
1+
#671000
0+
#671500
0$
b1 5
b1110 I
1+
#672000
0+
#672500
b10 5
1+
#673000
0+
#673500
b11 5
1+
#674000
0+
#674500
b100 5
1+
#675000
0+
#675500
b101 5
1+
#676000
0+
#676500
1$
b0 5
1+
#677000
0+
#677500
0$
b1 5
b1111 I
1+
#678000
0+
#678500
b10 5
1+
#679000
0+
#679500
b11 5
1+
#680000
0+
#680500
b100 5
1+
#681000
0+
#681500
b101 5
1+
#682000
0+
#682500
1$
b0 5
1+
#683000
0+
#683500
0$
b1 5
b110 H
b1 J
b0 I
1+
#684000
0+
#684500
1!
b10 5
1+
#685000
0+
#685500
b11 5
1+
#686000
0+
#686500
b100 5
1+
#687000
0+
#687500
b101 5
1+
#688000
0+
#688500
1$
b0 5
1+
#689000
0+
#689500
0$
b1 5
b1 I
1+
#690000
0+
#690500
b10 5
1+
#691000
0+
#691500
b11 5
1+
#692000
0+
#692500
b100 5
1+
#693000
0+
#693500
b101 5
1+
#694000
0+
#694500
1$
b0 5
1+
#695000
0+
#695500
0$
b1 5
b10 I
1+
#696000
0+
#696500
b10 5
1+
#697000
0+
#697500
b11 5
1+
#698000
0+
#698500
b100 5
1+
#699000
0+
#699500
b101 5
1+
#700000
0+
#700500
1$
b0 5
1+
#701000
0+
#701500
0$
b1 5
b11 I
1+
#702000
0+
#702500
b10 5
1+
#703000
0+
#703500
b11 5
1+
#704000
0+
#704500
b100 5
1+
#705000
0+
#705500
b101 5
1+
#706000
0+
#706500
1$
b0 5
1+
#707000
0+
#707500
0$
b1 5
b100 I
1+
#708000
0+
#708500
b10 5
1+
#709000
0+
#709500
b11 5
1+
#710000
0+
#710500
b100 5
1+
#711000
0+
#711500
b101 5
1+
#712000
0+
#712500
1$
b0 5
1+
#713000
0+
#713500
0$
b1 5
b101 I
1+
#714000
0+
#714500
b10 5
1+
#715000
0+
#715500
b11 5
1+
#716000
0+
#716500
b100 5
1+
#717000
0+
#717500
b101 5
1+
#718000
0+
#718500
1$
b0 5
1+
#719000
0+
#719500
0$
b1 5
b110 I
1+
#720000
0+
#720500
b10 5
1+
#721000
0+
#721500
b11 5
1+
#722000
0+
#722500
b100 5
1+
#723000
0+
#723500
b101 5
1+
#724000
0+
#724500
1$
b0 5
1+
#725000
0+
#725500
0$
b1 5
b111 I
1+
#726000
0+
#726500
b10 5
1+
#727000
0+
#727500
b11 5
1+
#728000
0+
#728500
b100 5
1+
#729000
0+
#729500
b101 5
1+
#730000
0+
#730500
1$
b0 5
1+
#731000
0+
#731500
0$
b1 5
b1000 I
1+
#732000
0+
#732500
b10 5
1+
#733000
0+
#733500
b11 5
1+
#734000
0+
#734500
b100 5
1+
#735000
0+
#735500
b101 5
1+
#736000
0+
#736500
1$
b0 5
1+
#737000
0+
#737500
0$
b1 5
b1001 I
1+
#738000
0+
#738500
b10 5
1+
#739000
0+
#739500
b11 5
1+
#740000
0+
#740500
b100 5
1+
#741000
0+
#741500
b101 5
1+
#742000
0+
#742500
1$
b0 5
1+
#743000
0+
#743500
0$
b1 5
b1010 I
1+
#744000
0+
#744500
b10 5
1+
#745000
0+
#745500
b11 5
1+
#746000
0+
#746500
b100 5
1+
#747000
0+
#747500
b101 5
1+
#748000
0+
#748500
1$
b0 5
1+
#749000
0+
#749500
0$
b1 5
b1011 I
1+
#750000
0+
#750500
b10 5
1+
#751000
0+
#751500
b11 5
1+
#752000
0+
#752500
b100 5
1+
#753000
0+
#753500
b101 5
1+
#754000
0+
#754500
1$
b0 5
1+
#755000
0+
#755500
0$
b1 5
b1100 I
1+
#756000
0+
#756500
b10 5
1+
#757000
0+
#757500
b11 5
1+
#758000
0+
#758500
b100 5
1+
#759000
0+
#759500
b101 5
1+
#760000
0+
#760500
1$
b0 5
1+
#761000
0+
#761500
0$
b1 5
b1101 I
1+
#762000
0+
#762500
b10 5
1+
#763000
0+
#763500
b11 5
1+
#764000
0+
#764500
b100 5
1+
#765000
0+
#765500
b101 5
1+
#766000
0+
#766500
1$
b0 5
1+
#767000
0+
#767500
0$
b1 5
b1110 I
1+
#768000
0+
#768500
b10 5
1+
#769000
0+
#769500
b11 5
1+
#770000
0+
#770500
b100 5
1+
#771000
0+
#771500
b101 5
1+
#772000
0+
#772500
1$
b0 5
1+
#773000
0+
#773500
0$
b1 5
b1111 I
1+
#774000
0+
#774500
b10 5
1+
#775000
0+
#775500
b11 5
1+
#776000
0+
#776500
b100 5
1+
#777000
0+
#777500
b101 5
1+
#778000
0+
#778500
1$
b0 5
1+
#779000
0+
#779500
0$
b1 5
b111 H
b0 J
b0 I
1+
#780000
0+
#780500
0!
b10 5
1+
#781000
0+
#781500
b11 5
1+
#782000
0+
#782500
b100 5
1+
#783000
0+
#783500
b101 5
1+
#784000
0+
#784500
1$
b0 5
1+
#785000
0+
#785500
0$
b1 5
b1 I
1+
#786000
0+
#786500
b10 5
1+
#787000
0+
#787500
b11 5
1+
#788000
0+
#788500
b100 5
1+
#789000
0+
#789500
b101 5
1+
#790000
0+
#790500
1$
b0 5
1+
#791000
0+
#791500
0$
b1 5
b10 I
1+
#792000
0+
#792500
b10 5
1+
#793000
0+
#793500
b11 5
1+
#794000
0+
#794500
b100 5
1+
#795000
0+
#795500
b101 5
1+
#796000
0+
#796500
1$
b0 5
1+
#797000
0+
#797500
0$
b1 5
b11 I
1+
#798000
0+
#798500
b10 5
1+
#799000
0+
#799500
b11 5
1+
#800000
0+
#800500
b100 5
1+
#801000
0+
#801500
b101 5
1+
#802000
0+
#802500
1$
b0 5
1+
#803000
0+
#803500
0$
b1 5
b100 I
1+
#804000
0+
#804500
b10 5
1+
#805000
0+
#805500
b11 5
1+
#806000
0+
#806500
b100 5
1+
#807000
0+
#807500
b101 5
1+
#808000
0+
#808500
1$
b0 5
1+
#809000
0+
#809500
0$
b1 5
b101 I
1+
#810000
0+
#810500
b10 5
1+
#811000
0+
#811500
b11 5
1+
#812000
0+
#812500
b100 5
1+
#813000
0+
#813500
b101 5
1+
#814000
0+
#814500
1$
b0 5
1+
#815000
0+
#815500
0$
b1 5
b110 I
1+
#816000
0+
#816500
b10 5
1+
#817000
0+
#817500
b11 5
1+
#818000
0+
#818500
b100 5
1+
#819000
0+
#819500
b101 5
1+
#820000
0+
#820500
1$
b0 5
1+
#821000
0+
#821500
0$
b1 5
b111 I
1+
#822000
0+
#822500
b10 5
1+
#823000
0+
#823500
b11 5
1+
#824000
0+
#824500
b100 5
1+
#825000
0+
#825500
b101 5
1+
#826000
0+
#826500
1$
b0 5
1+
#827000
0+
#827500
0$
b1 5
b1000 I
1+
#828000
0+
#828500
b10 5
1+
#829000
0+
#829500
b11 5
1+
#830000
0+
#830500
b100 5
1+
#831000
0+
#831500
b101 5
1+
#832000
0+
#832500
1$
b0 5
1+
#833000
0+
#833500
0$
b1 5
b1001 I
1+
#834000
0+
#834500
b10 5
1+
#835000
0+
#835500
b11 5
1+
#836000
0+
#836500
b100 5
1+
#837000
0+
#837500
b101 5
1+
#838000
0+
#838500
1$
b0 5
1+
#839000
0+
#839500
0$
b1 5
b1010 I
1+
#840000
0+
#840500
b10 5
1+
#841000
0+
#841500
b11 5
1+
#842000
0+
#842500
b100 5
1+
#843000
0+
#843500
b101 5
1+
#844000
0+
#844500
1$
b0 5
1+
#845000
0+
#845500
0$
b1 5
b1011 I
1+
#846000
0+
#846500
b10 5
1+
#847000
0+
#847500
b11 5
1+
#848000
0+
#848500
b100 5
1+
#849000
0+
#849500
b101 5
1+
#850000
0+
#850500
1$
b0 5
1+
#851000
0+
#851500
0$
b1 5
b1100 I
1+
#852000
0+
#852500
b10 5
1+
#853000
0+
#853500
b11 5
1+
#854000
0+
#854500
b100 5
1+
#855000
0+
#855500
b101 5
1+
#856000
0+
#856500
1$
b0 5
1+
#857000
0+
#857500
0$
b1 5
b1101 I
1+
#858000
0+
#858500
b10 5
1+
#859000
0+
#859500
b11 5
1+
#860000
0+
#860500
b100 5
1+
#861000
0+
#861500
b101 5
1+
#862000
0+
#862500
1$
b0 5
1+
#863000
0+
#863500
0$
b1 5
b1110 I
1+
#864000
0+
#864500
b10 5
1+
#865000
0+
#865500
b11 5
1+
#866000
0+
#866500
b100 5
1+
#867000
0+
#867500
b101 5
1+
#868000
0+
#868500
1$
b0 5
1+
#869000
0+
#869500
0$
b1 5
b1111 I
1+
#870000
0+
#870500
b10 5
1+
#871000
0+
#871500
b11 5
1+
#872000
0+
#872500
b100 5
1+
#873000
0+
#873500
b101 5
1+
#874000
0+
#874500
1$
b0 5
1+
#875000
0+
#875500
0$
b1 5
b11 K
b0 H
b0 I
1+
#876000
0+
#876500
1!
b10 5
1+
#877000
0+
#877500
b11 5
1+
#878000
0+
#878500
b100 5
1+
#879000
0+
#879500
b101 5
1+
#880000
0+
#880500
1$
b0 5
1+
#881000
0+
#881500
0$
b1 5
b1 I
1+
#882000
0+
#882500
b10 5
1+
#883000
0+
#883500
b11 5
1+
#884000
0+
#884500
b100 5
1+
#885000
0+
#885500
b101 5
1+
#886000
0+
#886500
1$
b0 5
1+
#887000
0+
#887500
0$
b1 5
b10 I
1+
#888000
0+
#888500
b10 5
1+
#889000
0+
#889500
b11 5
1+
#890000
0+
#890500
b100 5
1+
#891000
0+
#891500
b101 5
1+
#892000
0+
#892500
1$
b0 5
1+
#893000
0+
#893500
0$
b1 5
b11 I
1+
#894000
0+
#894500
b10 5
1+
#895000
0+
#895500
b11 5
1+
#896000
0+
#896500
b100 5
1+
#897000
0+
#897500
b101 5
1+
#898000
0+
#898500
1$
b0 5
1+
#899000
0+
#899500
0$
b1 5
b100 I
1+
#900000
0+
#900500
b10 5
1+
#901000
0+
#901500
b11 5
1+
#902000
0+
#902500
b100 5
1+
#903000
0+
#903500
b101 5
1+
#904000
0+
#904500
1$
b0 5
1+
#905000
0+
#905500
0$
b1 5
b101 I
1+
#906000
0+
#906500
b10 5
1+
#907000
0+
#907500
b11 5
1+
#908000
0+
#908500
b100 5
1+
#909000
0+
#909500
b101 5
1+
#910000
0+
#910500
1$
b0 5
1+
#911000
0+
#911500
0$
b1 5
b110 I
1+
#912000
0+
#912500
b10 5
1+
#913000
0+
#913500
b11 5
1+
#914000
0+
#914500
b100 5
1+
#915000
0+
#915500
b101 5
1+
#916000
0+
#916500
1$
b0 5
1+
#917000
0+
#917500
0$
b1 5
b111 I
1+
#918000
0+
#918500
b10 5
1+
#919000
0+
#919500
b11 5
1+
#920000
0+
#920500
b100 5
1+
#921000
0+
#921500
b101 5
1+
#922000
0+
#922500
1$
b0 5
1+
#923000
0+
#923500
0$
b1 5
b1000 I
1+
#924000
0+
#924500
b10 5
1+
#925000
0+
#925500
b11 5
1+
#926000
0+
#926500
b100 5
1+
#927000
0+
#927500
b101 5
1+
#928000
0+
#928500
1$
b0 5
1+
#929000
0+
#929500
0$
b1 5
b1001 I
1+
#930000
0+
#930500
b10 5
1+
#931000
0+
#931500
b11 5
1+
#932000
0+
#932500
b100 5
1+
#933000
0+
#933500
b101 5
1+
#934000
0+
#934500
1$
b0 5
1+
#935000
0+
#935500
0$
b1 5
b1010 I
1+
#936000
0+
#936500
b10 5
1+
#937000
0+
#937500
b11 5
1+
#938000
0+
#938500
b100 5
1+
#939000
0+
#939500
b101 5
1+
#940000
0+
#940500
1$
b0 5
1+
#941000
0+
#941500
0$
b1 5
b1011 I
1+
#942000
0+
#942500
b10 5
1+
#943000
0+
#943500
b11 5
1+
#944000
0+
#944500
b100 5
1+
#945000
0+
#945500
b101 5
1+
#946000
0+
#946500
1$
b0 5
1+
#947000
0+
#947500
0$
b1 5
b1100 I
1+
#948000
0+
#948500
b10 5
1+
#949000
0+
#949500
b11 5
1+
#950000
0+
#950500
b100 5
1+
#951000
0+
#951500
b101 5
1+
#952000
0+
#952500
1$
b0 5
1+
#953000
0+
#953500
0$
b1 5
b1101 I
1+
#954000
0+
#954500
b10 5
1+
#955000
0+
#955500
b11 5
1+
#956000
0+
#956500
b100 5
1+
#957000
0+
#957500
b101 5
1+
#958000
0+
#958500
1$
b0 5
1+
#959000
0+
#959500
0$
b1 5
b1110 I
1+
#960000
0+
#960500
b10 5
1+
#961000
0+
#961500
b11 5
1+
#962000
0+
#962500
b100 5
1+
#963000
0+
#963500
b101 5
1+
#964000
0+
#964500
1$
b0 5
1+
#965000
0+
#965500
0$
b1 5
b1111 I
1+
#966000
0+
#966500
b10 5
1+
#967000
0+
#967500
b11 5
1+
#968000
0+
#968500
b100 5
1+
#969000
0+
#969500
b101 5
1+
#970000
0+
#970500
1$
b0 5
1+
#971000
0+
#971500
b10100101 L
0$
b1 5
1"
0#
b0 K
b0 I
1+
#972000
0+
#972500
0"
b10 5
1/
b10100101 .
b10100101 B
1+
#973000
0+
#973500
b11 5
b1 K
1#
b10100101 J
0/
1+
#974000
0+
#974500
0!
b100 5
1+
#975000
0+
#975500
b101 5
1+
#976000
0+
#976500
1$
b0 5
1+
#977000
0+
#977500
0$
b1 5
b1 I
1+
#978000
0+
#978500
b10 5
1+
#979000
0+
#979500
b11 5
1+
#980000
0+
#980500
b100 5
1+
#981000
0+
#981500
b101 5
1+
#982000
0+
#982500
1$
b0 5
1+
#983000
0+
#983500
0$
b1 5
b10 I
1+
#984000
0+
#984500
b10 5
1+
#985000
0+
#985500
b11 5
1+
#986000
0+
#986500
b100 5
1+
#987000
0+
#987500
b101 5
1+
#988000
0+
#988500
1$
b0 5
1+
#989000
0+
#989500
0$
b1 5
b11 I
1+
#990000
0+
#990500
b10 5
1+
#991000
0+
#991500
b11 5
1+
#992000
0+
#992500
b100 5
1+
#993000
0+
#993500
b101 5
1+
#994000
0+
#994500
1$
b0 5
1+
#995000
0+
#995500
0$
b1 5
b100 I
1+
#996000
0+
#996500
b10 5
1+
#997000
0+
#997500
b11 5
1+
#998000
0+
#998500
b100 5
1+
#999000
0+
#999500
b101 5
1+
#1000000
0+
#1000500
1$
b0 5
1+
#1001000
0+
#1001500
0$
b1 5
b101 I
1+
#1002000
0+
#1002500
b10 5
1+
#1003000
0+
#1003500
b11 5
1+
#1004000
0+
#1004500
b100 5
1+
#1005000
0+
#1005500
b101 5
1+
#1006000
0+
#1006500
1$
b0 5
1+
#1007000
0+
#1007500
0$
b1 5
b110 I
1+
#1008000
0+
#1008500
b10 5
1+
#1009000
0+
#1009500
b11 5
1+
#1010000
0+
#1010500
b100 5
1+
#1011000
0+
#1011500
b101 5
1+
#1012000
0+
#1012500
1$
b0 5
1+
#1013000
0+
#1013500
0$
b1 5
b111 I
1+
#1014000
0+
#1014500
b10 5
1+
#1015000
0+
#1015500
b11 5
1+
#1016000
0+
#1016500
b100 5
1+
#1017000
0+
#1017500
b101 5
1+
#1018000
0+
#1018500
1$
b0 5
1+
#1019000
0+
#1019500
0$
b1 5
b1000 I
1+
#1020000
0+
#1020500
b10 5
1+
#1021000
0+
#1021500
b11 5
1+
#1022000
0+
#1022500
b100 5
1+
#1023000
0+
#1023500
b101 5
1+
#1024000
0+
#1024500
1$
b0 5
1+
#1025000
0+
#1025500
0$
b1 5
b1001 I
1+
#1026000
0+
#1026500
b10 5
1+
#1027000
0+
#1027500
b11 5
1+
#1028000
0+
#1028500
b100 5
1+
#1029000
0+
#1029500
b101 5
1+
#1030000
0+
#1030500
1$
b0 5
1+
#1031000
0+
#1031500
0$
b1 5
b1010 I
1+
#1032000
0+
#1032500
b10 5
1+
#1033000
0+
#1033500
b11 5
1+
#1034000
0+
#1034500
b100 5
1+
#1035000
0+
#1035500
b101 5
1+
#1036000
0+
#1036500
1$
b0 5
1+
#1037000
0+
#1037500
0$
b1 5
b1011 I
1+
#1038000
0+
#1038500
b10 5
1+
#1039000
0+
#1039500
b11 5
1+
#1040000
0+
#1040500
b100 5
1+
#1041000
0+
#1041500
b101 5
1+
#1042000
0+
#1042500
1$
b0 5
1+
#1043000
0+
#1043500
0$
b1 5
b1100 I
1+
#1044000
0+
#1044500
b10 5
1+
#1045000
0+
#1045500
b11 5
1+
#1046000
0+
#1046500
b100 5
1+
#1047000
0+
#1047500
b101 5
1+
#1048000
0+
#1048500
1$
b0 5
1+
#1049000
0+
#1049500
0$
b1 5
b1101 I
1+
#1050000
0+
#1050500
b10 5
1+
#1051000
0+
#1051500
b11 5
1+
#1052000
0+
#1052500
b100 5
1+
#1053000
0+
#1053500
b101 5
1+
#1054000
0+
#1054500
1$
b0 5
1+
#1055000
0+
#1055500
0$
b1 5
b1110 I
1+
#1056000
0+
#1056500
b10 5
1+
#1057000
0+
#1057500
b11 5
1+
#1058000
0+
#1058500
b100 5
1+
#1059000
0+
#1059500
b101 5
1+
#1060000
0+
#1060500
1$
b0 5
1+
#1061000
0+
#1061500
0$
b1 5
b1111 I
1+
#1062000
0+
#1062500
b10 5
1+
#1063000
0+
#1063500
b11 5
1+
#1064000
0+
#1064500
b100 5
1+
#1065000
0+
#1065500
b101 5
1+
#1066000
0+
#1066500
1$
b0 5
1+
#1067000
0+
#1067500
0$
b1 5
b10 K
b0 I
1+
#1068000
0+
#1068500
1!
b10 5
1+
#1069000
0+
#1069500
b11 5
1+
#1070000
0+
#1070500
b100 5
1+
#1071000
0+
#1071500
b101 5
1+
#1072000
0+
#1072500
1$
b0 5
1+
#1073000
0+
#1073500
0$
b1 5
b1 I
1+
#1074000
0+
#1074500
b10 5
1+
#1075000
0+
#1075500
b11 5
1+
#1076000
0+
#1076500
b100 5
1+
#1077000
0+
#1077500
b101 5
1+
#1078000
0+
#1078500
1$
b0 5
1+
#1079000
0+
#1079500
0$
b1 5
b10 I
1+
#1080000
0+
#1080500
b10 5
1+
#1081000
0+
#1081500
b11 5
1+
#1082000
0+
#1082500
b100 5
1+
#1083000
0+
#1083500
b101 5
1+
#1084000
0+
#1084500
1$
b0 5
1+
#1085000
0+
#1085500
0$
b1 5
b11 I
1+
#1086000
0+
#1086500
b10 5
1+
#1087000
0+
#1087500
b11 5
1+
#1088000
0+
#1088500
b100 5
1+
#1089000
0+
#1089500
b101 5
1+
#1090000
0+
#1090500
1$
b0 5
1+
#1091000
0+
#1091500
0$
b1 5
b100 I
1+
#1092000
0+
#1092500
b10 5
1+
#1093000
0+
#1093500
b11 5
1+
#1094000
0+
#1094500
b100 5
1+
#1095000
0+
#1095500
b101 5
1+
#1096000
0+
#1096500
1$
b0 5
1+
#1097000
0+
#1097500
0$
b1 5
b101 I
1+
#1098000
0+
#1098500
b10 5
1+
#1099000
0+
#1099500
b11 5
1+
#1100000
0+
#1100500
b100 5
1+
#1101000
0+
#1101500
b101 5
1+
#1102000
0+
#1102500
1$
b0 5
1+
#1103000
0+
#1103500
0$
b1 5
b110 I
1+
#1104000
0+
#1104500
b10 5
1+
#1105000
0+
#1105500
b11 5
1+
#1106000
0+
#1106500
b100 5
1+
#1107000
0+
#1107500
b101 5
1+
#1108000
0+
#1108500
1$
b0 5
1+
#1109000
0+
#1109500
0$
b1 5
b111 I
1+
#1110000
0+
#1110500
b10 5
1+
#1111000
0+
#1111500
b11 5
1+
#1112000
0+
#1112500
b100 5
1+
#1113000
0+
#1113500
b101 5
1+
#1114000
0+
#1114500
1$
b0 5
1+
#1115000
0+
#1115500
0$
b1 5
b1000 I
1+
#1116000
0+
#1116500
b10 5
1+
#1117000
0+
#1117500
b11 5
1+
#1118000
0+
#1118500
b100 5
1+
#1119000
0+
#1119500
b101 5
1+
#1120000
0+
#1120500
1$
b0 5
1+
#1121000
0+
#1121500
0$
b1 5
b1001 I
1+
#1122000
0+
#1122500
b10 5
1+
#1123000
0+
#1123500
b11 5
1+
#1124000
0+
#1124500
b100 5
1+
#1125000
0+
#1125500
b101 5
1+
#1126000
0+
#1126500
1$
b0 5
1+
#1127000
0+
#1127500
0$
b1 5
b1010 I
1+
#1128000
0+
#1128500
b10 5
1+
#1129000
0+
#1129500
b11 5
1+
#1130000
0+
#1130500
b100 5
1+
#1131000
0+
#1131500
b101 5
1+
#1132000
0+
#1132500
1$
b0 5
1+
#1133000
0+
#1133500
0$
b1 5
b1011 I
1+
#1134000
0+
#1134500
b10 5
1+
#1135000
0+
#1135500
b11 5
1+
#1136000
0+
#1136500
b100 5
1+
#1137000
0+
#1137500
b101 5
1+
#1138000
0+
#1138500
1$
b0 5
1+
#1139000
0+
#1139500
0$
b1 5
b1100 I
1+
#1140000
0+
#1140500
b10 5
1+
#1141000
0+
#1141500
b11 5
1+
#1142000
0+
#1142500
b100 5
1+
#1143000
0+
#1143500
b101 5
1+
#1144000
0+
#1144500
1$
b0 5
1+
#1145000
0+
#1145500
0$
b1 5
b1101 I
1+
#1146000
0+
#1146500
b10 5
1+
#1147000
0+
#1147500
b11 5
1+
#1148000
0+
#1148500
b100 5
1+
#1149000
0+
#1149500
b101 5
1+
#1150000
0+
#1150500
1$
b0 5
1+
#1151000
0+
#1151500
0$
b1 5
b1110 I
1+
#1152000
0+
#1152500
b10 5
1+
#1153000
0+
#1153500
b11 5
1+
#1154000
0+
#1154500
b100 5
1+
#1155000
0+
#1155500
b101 5
1+
#1156000
0+
#1156500
1$
b0 5
1+
#1157000
0+
#1157500
0$
b1 5
b1111 I
1+
#1158000
0+
#1158500
b10 5
1+
#1159000
0+
#1159500
b11 5
1+
#1160000
0+
#1160500
b100 5
1+
#1161000
0+
#1161500
b101 5
1+
#1162000
0+
#1162500
1$
b0 5
1+
#1163000
0+
#1163500
0$
b1 5
b1 H
b1010010 J
b0 I
1+
#1164000
0+
#1164500
0!
b10 5
1+
#1165000
0+
#1165500
b11 5
1+
#1166000
0+
#1166500
b100 5
1+
#1167000
0+
#1167500
b101 5
1+
#1168000
0+
#1168500
1$
b0 5
1+
#1169000
0+
#1169500
0$
b1 5
b1 I
1+
#1170000
0+
#1170500
b10 5
1+
#1171000
0+
#1171500
b11 5
1+
#1172000
0+
#1172500
b100 5
1+
#1173000
0+
#1173500
b101 5
1+
#1174000
0+
#1174500
1$
b0 5
1+
#1175000
0+
#1175500
0$
b1 5
b10 I
1+
#1176000
0+
#1176500
b10 5
1+
#1177000
0+
#1177500
b11 5
1+
#1178000
0+
#1178500
b100 5
1+
#1179000
0+
#1179500
b101 5
1+
#1180000
0+
#1180500
1$
b0 5
1+
#1181000
0+
#1181500
0$
b1 5
b11 I
1+
#1182000
0+
#1182500
b10 5
1+
#1183000
0+
#1183500
b11 5
1+
#1184000
0+
#1184500
b100 5
1+
#1185000
0+
#1185500
b101 5
1+
#1186000
0+
#1186500
1$
b0 5
1+
#1187000
0+
#1187500
0$
b1 5
b100 I
1+
#1188000
0+
#1188500
b10 5
1+
#1189000
0+
#1189500
b11 5
1+
#1190000
0+
#1190500
b100 5
1+
#1191000
0+
#1191500
b101 5
1+
#1192000
0+
#1192500
1$
b0 5
1+
#1193000
0+
#1193500
0$
b1 5
b101 I
1+
#1194000
0+
#1194500
b10 5
1+
#1195000
0+
#1195500
b11 5
1+
#1196000
0+
#1196500
b100 5
1+
#1197000
0+
#1197500
b101 5
1+
#1198000
0+
#1198500
1$
b0 5
1+
#1199000
0+
#1199500
0$
b1 5
b110 I
1+
#1200000
0+
#1200500
b10 5
1+
#1201000
0+
#1201500
b11 5
1+
#1202000
0+
#1202500
b100 5
1+
#1203000
0+
#1203500
b101 5
1+
#1204000
0+
#1204500
1$
b0 5
1+
#1205000
0+
#1205500
0$
b1 5
b111 I
1+
#1206000
0+
#1206500
b10 5
1+
#1207000
0+
#1207500
b11 5
1+
#1208000
0+
#1208500
b100 5
1+
#1209000
0+
#1209500
b101 5
1+
#1210000
0+
#1210500
1$
b0 5
1+
#1211000
0+
#1211500
0$
b1 5
b1000 I
1+
#1212000
0+
#1212500
b10 5
1+
#1213000
0+
#1213500
b11 5
1+
#1214000
0+
#1214500
b100 5
1+
#1215000
0+
#1215500
b101 5
1+
#1216000
0+
#1216500
1$
b0 5
1+
#1217000
0+
#1217500
0$
b1 5
b1001 I
1+
#1218000
0+
#1218500
b10 5
1+
#1219000
0+
#1219500
b11 5
1+
#1220000
0+
#1220500
b100 5
1+
#1221000
0+
#1221500
b101 5
1+
#1222000
0+
#1222500
1$
b0 5
1+
#1223000
0+
#1223500
0$
b1 5
b1010 I
1+
#1224000
0+
#1224500
b10 5
1+
#1225000
0+
#1225500
b11 5
1+
#1226000
0+
#1226500
b100 5
1+
#1227000
0+
#1227500
b101 5
1+
#1228000
0+
#1228500
1$
b0 5
1+
#1229000
0+
#1229500
0$
b1 5
b1011 I
1+
#1230000
0+
#1230500
b10 5
1+
#1231000
0+
#1231500
b11 5
1+
#1232000
0+
#1232500
b100 5
1+
#1233000
0+
#1233500
b101 5
1+
#1234000
0+
#1234500
1$
b0 5
1+
#1235000
0+
#1235500
0$
b1 5
b1100 I
1+
#1236000
0+
#1236500
b10 5
1+
#1237000
0+
#1237500
b11 5
1+
#1238000
0+
#1238500
b100 5
1+
#1239000
0+
#1239500
b101 5
1+
#1240000
0+
#1240500
1$
b0 5
1+
#1241000
0+
#1241500
0$
b1 5
b1101 I
1+
#1242000
0+
#1242500
b10 5
1+
#1243000
0+
#1243500
b11 5
1+
#1244000
0+
#1244500
b100 5
1+
#1245000
0+
#1245500
b101 5
1+
#1246000
0+
#1246500
1$
b0 5
1+
#1247000
0+
#1247500
0$
b1 5
b1110 I
1+
#1248000
0+
#1248500
b10 5
1+
#1249000
0+
#1249500
b11 5
1+
#1250000
0+
#1250500
b100 5
1+
#1251000
0+
#1251500
b101 5
1+
#1252000
0+
#1252500
1$
b0 5
1+
#1253000
0+
#1253500
0$
b1 5
b1111 I
1+
#1254000
0+
#1254500
b10 5
1+
#1255000
0+
#1255500
b11 5
1+
#1256000
0+
#1256500
b100 5
1+
#1257000
0+
#1257500
b101 5
1+
#1258000
0+
#1258500
1$
b0 5
1+
#1259000
0+
#1259500
0$
b1 5
b10 H
b101001 J
b0 I
1+
#1260000
0+
#1260500
1!
b10 5
1+
#1261000
0+
#1261500
b11 5
1+
#1262000
0+
#1262500
b100 5
1+
#1263000
0+
#1263500
b101 5
1+
#1264000
0+
#1264500
1$
b0 5
1+
#1265000
0+
#1265500
0$
b1 5
b1 I
1+
#1266000
0+
#1266500
b10 5
1+
#1267000
0+
#1267500
b11 5
1+
#1268000
0+
#1268500
b100 5
1+
#1269000
0+
#1269500
b101 5
1+
#1270000
0+
#1270500
1$
b0 5
1+
#1271000
0+
#1271500
0$
b1 5
b10 I
1+
#1272000
0+
#1272500
b10 5
1+
#1273000
0+
#1273500
b11 5
1+
#1274000
0+
#1274500
b100 5
1+
#1275000
0+
#1275500
b101 5
1+
#1276000
0+
#1276500
1$
b0 5
1+
#1277000
0+
#1277500
0$
b1 5
b11 I
1+
#1278000
0+
#1278500
b10 5
1+
#1279000
0+
#1279500
b11 5
1+
#1280000
0+
#1280500
b100 5
1+
#1281000
0+
#1281500
b101 5
1+
#1282000
0+
#1282500
1$
b0 5
1+
#1283000
0+
#1283500
0$
b1 5
b100 I
1+
#1284000
0+
#1284500
b10 5
1+
#1285000
0+
#1285500
b11 5
1+
#1286000
0+
#1286500
b100 5
1+
#1287000
0+
#1287500
b101 5
1+
#1288000
0+
#1288500
1$
b0 5
1+
#1289000
0+
#1289500
0$
b1 5
b101 I
1+
#1290000
0+
#1290500
b10 5
1+
#1291000
0+
#1291500
b11 5
1+
#1292000
0+
#1292500
b100 5
1+
#1293000
0+
#1293500
b101 5
1+
#1294000
0+
#1294500
1$
b0 5
1+
#1295000
0+
#1295500
0$
b1 5
b110 I
1+
#1296000
0+
#1296500
b10 5
1+
#1297000
0+
#1297500
b11 5
1+
#1298000
0+
#1298500
b100 5
1+
#1299000
0+
#1299500
b101 5
1+
#1300000
0+
#1300500
1$
b0 5
1+
#1301000
0+
#1301500
0$
b1 5
b111 I
1+
#1302000
0+
#1302500
b10 5
1+
#1303000
0+
#1303500
b11 5
1+
#1304000
0+
#1304500
b100 5
1+
#1305000
0+
#1305500
b101 5
1+
#1306000
0+
#1306500
1$
b0 5
1+
#1307000
0+
#1307500
0$
b1 5
b1000 I
1+
#1308000
0+
#1308500
b10 5
1+
#1309000
0+
#1309500
b11 5
1+
#1310000
0+
#1310500
b100 5
1+
#1311000
0+
#1311500
b101 5
1+
#1312000
0+
#1312500
1$
b0 5
1+
#1313000
0+
#1313500
0$
b1 5
b1001 I
1+
#1314000
0+
#1314500
b10 5
1+
#1315000
0+
#1315500
b11 5
1+
#1316000
0+
#1316500
b100 5
1+
#1317000
0+
#1317500
b101 5
1+
#1318000
0+
#1318500
1$
b0 5
1+
#1319000
0+
#1319500
0$
b1 5
b1010 I
1+
#1320000
0+
#1320500
b10 5
1+
#1321000
0+
#1321500
b11 5
1+
#1322000
0+
#1322500
b100 5
1+
#1323000
0+
#1323500
b101 5
1+
#1324000
0+
#1324500
1$
b0 5
1+
#1325000
0+
#1325500
0$
b1 5
b1011 I
1+
#1326000
0+
#1326500
b10 5
1+
#1327000
0+
#1327500
b11 5
1+
#1328000
0+
#1328500
b100 5
1+
#1329000
0+
#1329500
b101 5
1+
#1330000
0+
#1330500
1$
b0 5
1+
#1331000
0+
#1331500
0$
b1 5
b1100 I
1+
#1332000
0+
#1332500
b10 5
1+
#1333000
0+
#1333500
b11 5
1+
#1334000
0+
#1334500
b100 5
1+
#1335000
0+
#1335500
b101 5
1+
#1336000
0+
#1336500
1$
b0 5
1+
#1337000
0+
#1337500
0$
b1 5
b1101 I
1+
#1338000
0+
#1338500
b10 5
1+
#1339000
0+
#1339500
b11 5
1+
#1340000
0+
#1340500
b100 5
1+
#1341000
0+
#1341500
b101 5
1+
#1342000
0+
#1342500
1$
b0 5
1+
#1343000
0+
#1343500
0$
b1 5
b1110 I
1+
#1344000
0+
#1344500
b10 5
1+
#1345000
0+
#1345500
b11 5
1+
#1346000
0+
#1346500
b100 5
1+
#1347000
0+
#1347500
b101 5
1+
#1348000
0+
#1348500
1$
b0 5
1+
#1349000
0+
#1349500
0$
b1 5
b1111 I
1+
#1350000
0+
#1350500
b10 5
1+
#1351000
0+
#1351500
b11 5
1+
#1352000
0+
#1352500
b100 5
1+
#1353000
0+
#1353500
b101 5
1+
#1354000
0+
#1354500
1$
b0 5
1+
#1355000
0+
#1355500
0$
b1 5
b11 H
b10100 J
b0 I
1+
#1356000
0+
#1356500
0!
b10 5
1+
#1357000
0+
#1357500
b11 5
1+
#1358000
0+
#1358500
b100 5
1+
#1359000
0+
#1359500
b101 5
1+
#1360000
0+
#1360500
1$
b0 5
1+
#1361000
0+
#1361500
0$
b1 5
b1 I
1+
#1362000
0+
#1362500
b10 5
1+
#1363000
0+
#1363500
b11 5
1+
#1364000
0+
#1364500
b100 5
1+
#1365000
0+
#1365500
b101 5
1+
#1366000
0+
#1366500
1$
b0 5
1+
#1367000
0+
#1367500
0$
b1 5
b10 I
1+
#1368000
0+
#1368500
b10 5
1+
#1369000
0+
#1369500
b11 5
1+
#1370000
0+
#1370500
b100 5
1+
#1371000
0+
#1371500
b101 5
1+
#1372000
0+
#1372500
1$
b0 5
1+
#1373000
0+
#1373500
0$
b1 5
b11 I
1+
#1374000
0+
#1374500
b10 5
1+
#1375000
0+
#1375500
b11 5
1+
#1376000
0+
#1376500
b100 5
1+
#1377000
0+
#1377500
b101 5
1+
#1378000
0+
#1378500
1$
b0 5
1+
#1379000
0+
#1379500
0$
b1 5
b100 I
1+
#1380000
0+
#1380500
b10 5
1+
#1381000
0+
#1381500
b11 5
1+
#1382000
0+
#1382500
b100 5
1+
#1383000
0+
#1383500
b101 5
1+
#1384000
0+
#1384500
1$
b0 5
1+
#1385000
0+
#1385500
0$
b1 5
b101 I
1+
#1386000
0+
#1386500
b10 5
1+
#1387000
0+
#1387500
b11 5
1+
#1388000
0+
#1388500
b100 5
1+
#1389000
0+
#1389500
b101 5
1+
#1390000
0+
#1390500
1$
b0 5
1+
#1391000
0+
#1391500
0$
b1 5
b110 I
1+
#1392000
0+
#1392500
b10 5
1+
#1393000
0+
#1393500
b11 5
1+
#1394000
0+
#1394500
b100 5
1+
#1395000
0+
#1395500
b101 5
1+
#1396000
0+
#1396500
1$
b0 5
1+
#1397000
0+
#1397500
0$
b1 5
b111 I
1+
#1398000
0+
#1398500
b10 5
1+
#1399000
0+
#1399500
b11 5
1+
#1400000
0+
#1400500
b100 5
1+
#1401000
0+
#1401500
b101 5
1+
#1402000
0+
#1402500
1$
b0 5
1+
#1403000
0+
#1403500
0$
b1 5
b1000 I
1+
#1404000
0+
#1404500
b10 5
1+
#1405000
0+
#1405500
b11 5
1+
#1406000
0+
#1406500
b100 5
1+
#1407000
0+
#1407500
b101 5
1+
#1408000
0+
#1408500
1$
b0 5
1+
#1409000
0+
#1409500
0$
b1 5
b1001 I
1+
#1410000
0+
#1410500
b10 5
1+
#1411000
0+
#1411500
b11 5
1+
#1412000
0+
#1412500
b100 5
1+
#1413000
0+
#1413500
b101 5
1+
#1414000
0+
#1414500
1$
b0 5
1+
#1415000
0+
#1415500
0$
b1 5
b1010 I
1+
#1416000
0+
#1416500
b10 5
1+
#1417000
0+
#1417500
b11 5
1+
#1418000
0+
#1418500
b100 5
1+
#1419000
0+
#1419500
b101 5
1+
#1420000
0+
#1420500
1$
b0 5
1+
#1421000
0+
#1421500
0$
b1 5
b1011 I
1+
#1422000
0+
#1422500
b10 5
1+
#1423000
0+
#1423500
b11 5
1+
#1424000
0+
#1424500
b100 5
1+
#1425000
0+
#1425500
b101 5
1+
#1426000
0+
#1426500
1$
b0 5
1+
#1427000
0+
#1427500
0$
b1 5
b1100 I
1+
#1428000
0+
#1428500
b10 5
1+
#1429000
0+
#1429500
b11 5
1+
#1430000
0+
#1430500
b100 5
1+
#1431000
0+
#1431500
b101 5
1+
#1432000
0+
#1432500
1$
b0 5
1+
#1433000
0+
#1433500
0$
b1 5
b1101 I
1+
#1434000
0+
#1434500
b10 5
1+
#1435000
0+
#1435500
b11 5
1+
#1436000
0+
#1436500
b100 5
1+
#1437000
0+
#1437500
b101 5
1+
#1438000
0+
#1438500
1$
b0 5
1+
#1439000
0+
#1439500
0$
b1 5
b1110 I
1+
#1440000
0+
#1440500
b10 5
1+
#1441000
0+
#1441500
b11 5
1+
#1442000
0+
#1442500
b100 5
1+
#1443000
0+
#1443500
b101 5
1+
#1444000
0+
#1444500
1$
b0 5
1+
#1445000
0+
#1445500
0$
b1 5
b1111 I
1+
#1446000
0+
#1446500
b10 5
1+
#1447000
0+
#1447500
b11 5
1+
#1448000
0+
#1448500
b100 5
1+
#1449000
0+
#1449500
b101 5
1+
#1450000
0+
#1450500
1$
b0 5
1+
#1451000
0+
#1451500
0$
b1 5
b100 H
b1010 J
b0 I
1+
#1452000
0+
#1452500
b10 5
1+
#1453000
0+
#1453500
b11 5
1+
#1454000
0+
#1454500
b100 5
1+
#1455000
0+
#1455500
b101 5
1+
#1456000
0+
#1456500
1$
b0 5
1+
#1457000
0+
#1457500
0$
b1 5
b1 I
1+
#1458000
0+
#1458500
b10 5
1+
#1459000
0+
#1459500
b11 5
1+
#1460000
0+
#1460500
b100 5
1+
#1461000
0+
#1461500
b101 5
1+
#1462000
0+
#1462500
1$
b0 5
1+
#1463000
0+
#1463500
0$
b1 5
b10 I
1+
#1464000
0+
#1464500
b10 5
1+
#1465000
0+
#1465500
b11 5
1+
#1466000
0+
#1466500
b100 5
1+
#1467000
0+
#1467500
b101 5
1+
#1468000
0+
#1468500
1$
b0 5
1+
#1469000
0+
#1469500
0$
b1 5
b11 I
1+
#1470000
0+
#1470500
b10 5
1+
#1471000
0+
#1471500
b11 5
1+
#1472000
0+
#1472500
b100 5
1+
#1473000
0+
#1473500
b101 5
1+
#1474000
0+
#1474500
1$
b0 5
1+
#1475000
0+
#1475500
0$
b1 5
b100 I
1+
#1476000
0+
#1476500
b10 5
1+
#1477000
0+
#1477500
b11 5
1+
#1478000
0+
#1478500
b100 5
1+
#1479000
0+
#1479500
b101 5
1+
#1480000
0+
#1480500
1$
b0 5
1+
#1481000
0+
#1481500
0$
b1 5
b101 I
1+
#1482000
0+
#1482500
b10 5
1+
#1483000
0+
#1483500
b11 5
1+
#1484000
0+
#1484500
b100 5
1+
#1485000
0+
#1485500
b101 5
1+
#1486000
0+
#1486500
1$
b0 5
1+
#1487000
0+
#1487500
0$
b1 5
b110 I
1+
#1488000
0+
#1488500
b10 5
1+
#1489000
0+
#1489500
b11 5
1+
#1490000
0+
#1490500
b100 5
1+
#1491000
0+
#1491500
b101 5
1+
#1492000
0+
#1492500
1$
b0 5
1+
#1493000
0+
#1493500
0$
b1 5
b111 I
1+
#1494000
0+
#1494500
b10 5
1+
#1495000
0+
#1495500
b11 5
1+
#1496000
0+
#1496500
b100 5
1+
#1497000
0+
#1497500
b101 5
1+
#1498000
0+
#1498500
1$
b0 5
1+
#1499000
0+
#1499500
0$
b1 5
b1000 I
1+
#1500000
0+
#1500500
b10 5
1+
#1501000
0+
#1501500
b11 5
1+
#1502000
0+
#1502500
b100 5
1+
#1503000
0+
#1503500
b101 5
1+
#1504000
0+
#1504500
1$
b0 5
1+
#1505000
0+
#1505500
0$
b1 5
b1001 I
1+
#1506000
0+
#1506500
b10 5
1+
#1507000
0+
#1507500
b11 5
1+
#1508000
0+
#1508500
b100 5
1+
#1509000
0+
#1509500
b101 5
1+
#1510000
0+
#1510500
1$
b0 5
1+
#1511000
0+
#1511500
0$
b1 5
b1010 I
1+
#1512000
0+
#1512500
b10 5
1+
#1513000
0+
#1513500
b11 5
1+
#1514000
0+
#1514500
b100 5
1+
#1515000
0+
#1515500
b101 5
1+
#1516000
0+
#1516500
1$
b0 5
1+
#1517000
0+
#1517500
0$
b1 5
b1011 I
1+
#1518000
0+
#1518500
b10 5
1+
#1519000
0+
#1519500
b11 5
1+
#1520000
0+
#1520500
b100 5
1+
#1521000
0+
#1521500
b101 5
1+
#1522000
0+
#1522500
1$
b0 5
1+
#1523000
0+
#1523500
0$
b1 5
b1100 I
1+
#1524000
0+
#1524500
b10 5
1+
#1525000
0+
#1525500
b11 5
1+
#1526000
0+
#1526500
b100 5
1+
#1527000
0+
#1527500
b101 5
1+
#1528000
0+
#1528500
1$
b0 5
1+
#1529000
0+
#1529500
0$
b1 5
b1101 I
1+
#1530000
0+
#1530500
b10 5
1+
#1531000
0+
#1531500
b11 5
1+
#1532000
0+
#1532500
b100 5
1+
#1533000
0+
#1533500
b101 5
1+
#1534000
0+
#1534500
1$
b0 5
1+
#1535000
0+
#1535500
0$
b1 5
b1110 I
1+
#1536000
0+
#1536500
b10 5
1+
#1537000
0+
#1537500
b11 5
1+
#1538000
0+
#1538500
b100 5
1+
#1539000
0+
#1539500
b101 5
1+
#1540000
0+
#1540500
1$
b0 5
1+
#1541000
0+
#1541500
0$
b1 5
b1111 I
1+
#1542000
0+
#1542500
b10 5
1+
#1543000
0+
#1543500
b11 5
1+
#1544000
0+
#1544500
b100 5
1+
#1545000
0+
#1545500
b101 5
1+
#1546000
0+
#1546500
1$
b0 5
1+
#1547000
0+
#1547500
0$
b1 5
b101 H
b101 J
b0 I
1+
#1548000
0+
#1548500
1!
b10 5
1+
#1549000
0+
#1549500
b11 5
1+
#1550000
0+
#1550500
b100 5
1+
#1551000
0+
#1551500
b101 5
1+
#1552000
0+
#1552500
1$
b0 5
1+
#1553000
0+
#1553500
0$
b1 5
b1 I
1+
#1554000
0+
#1554500
b10 5
1+
#1555000
0+
#1555500
b11 5
1+
#1556000
0+
#1556500
b100 5
1+
#1557000
0+
#1557500
b101 5
1+
#1558000
0+
#1558500
1$
b0 5
1+
#1559000
0+
#1559500
0$
b1 5
b10 I
1+
#1560000
0+
#1560500
b10 5
1+
#1561000
0+
#1561500
b11 5
1+
#1562000
0+
#1562500
b100 5
1+
#1563000
0+
#1563500
b101 5
1+
#1564000
0+
#1564500
1$
b0 5
1+
#1565000
0+
#1565500
0$
b1 5
b11 I
1+
#1566000
0+
#1566500
b10 5
1+
#1567000
0+
#1567500
b11 5
1+
#1568000
0+
#1568500
b100 5
1+
#1569000
0+
#1569500
b101 5
1+
#1570000
0+
#1570500
1$
b0 5
1+
#1571000
0+
#1571500
0$
b1 5
b100 I
1+
#1572000
0+
#1572500
b10 5
1+
#1573000
0+
#1573500
b11 5
1+
#1574000
0+
#1574500
b100 5
1+
#1575000
0+
#1575500
b101 5
1+
#1576000
0+
#1576500
1$
b0 5
1+
#1577000
0+
#1577500
0$
b1 5
b101 I
1+
#1578000
0+
#1578500
b10 5
1+
#1579000
0+
#1579500
b11 5
1+
#1580000
0+
#1580500
b100 5
1+
#1581000
0+
#1581500
b101 5
1+
#1582000
0+
#1582500
1$
b0 5
1+
#1583000
0+
#1583500
0$
b1 5
b110 I
1+
#1584000
0+
#1584500
b10 5
1+
#1585000
0+
#1585500
b11 5
1+
#1586000
0+
#1586500
b100 5
1+
#1587000
0+
#1587500
b101 5
1+
#1588000
0+
#1588500
1$
b0 5
1+
#1589000
0+
#1589500
0$
b1 5
b111 I
1+
#1590000
0+
#1590500
b10 5
1+
#1591000
0+
#1591500
b11 5
1+
#1592000
0+
#1592500
b100 5
1+
#1593000
0+
#1593500
b101 5
1+
#1594000
0+
#1594500
1$
b0 5
1+
#1595000
0+
#1595500
0$
b1 5
b1000 I
1+
#1596000
0+
#1596500
b10 5
1+
#1597000
0+
#1597500
b11 5
1+
#1598000
0+
#1598500
b100 5
1+
#1599000
0+
#1599500
b101 5
1+
#1600000
0+
#1600500
1$
b0 5
1+
#1601000
0+
#1601500
0$
b1 5
b1001 I
1+
#1602000
0+
#1602500
b10 5
1+
#1603000
0+
#1603500
b11 5
1+
#1604000
0+
#1604500
b100 5
1+
#1605000
0+
#1605500
b101 5
1+
#1606000
0+
#1606500
1$
b0 5
1+
#1607000
0+
#1607500
0$
b1 5
b1010 I
1+
#1608000
0+
#1608500
b10 5
1+
#1609000
0+
#1609500
b11 5
1+
#1610000
0+
#1610500
b100 5
1+
#1611000
0+
#1611500
b101 5
1+
#1612000
0+
#1612500
1$
b0 5
1+
#1613000
0+
#1613500
0$
b1 5
b1011 I
1+
#1614000
0+
#1614500
b10 5
1+
#1615000
0+
#1615500
b11 5
1+
#1616000
0+
#1616500
b100 5
1+
#1617000
0+
#1617500
b101 5
1+
#1618000
0+
#1618500
1$
b0 5
1+
#1619000
0+
#1619500
0$
b1 5
b1100 I
1+
#1620000
0+
#1620500
b10 5
1+
#1621000
0+
#1621500
b11 5
1+
#1622000
0+
#1622500
b100 5
1+
#1623000
0+
#1623500
b101 5
1+
#1624000
0+
#1624500
1$
b0 5
1+
#1625000
0+
#1625500
0$
b1 5
b1101 I
1+
#1626000
0+
#1626500
b10 5
1+
#1627000
0+
#1627500
b11 5
1+
#1628000
0+
#1628500
b100 5
1+
#1629000
0+
#1629500
b101 5
1+
#1630000
0+
#1630500
1$
b0 5
1+
#1631000
0+
#1631500
0$
b1 5
b1110 I
1+
#1632000
0+
#1632500
b10 5
1+
#1633000
0+
#1633500
b11 5
1+
#1634000
0+
#1634500
b100 5
1+
#1635000
0+
#1635500
b101 5
1+
#1636000
0+
#1636500
1$
b0 5
1+
#1637000
0+
#1637500
0$
b1 5
b1111 I
1+
#1638000
0+
#1638500
b10 5
1+
#1639000
0+
#1639500
b11 5
1+
#1640000
0+
#1640500
b100 5
1+
#1641000
0+
#1641500
b101 5
1+
#1642000
0+
#1642500
1$
b0 5
1+
#1643000
0+
#1643500
0$
b1 5
b110 H
b10 J
b0 I
1+
#1644000
0+
#1644500
0!
b10 5
1+
#1645000
0+
#1645500
b11 5
1+
#1646000
0+
#1646500
b100 5
1+
#1647000
0+
#1647500
b101 5
1+
#1648000
0+
#1648500
1$
b0 5
1+
#1649000
0+
#1649500
0$
b1 5
b1 I
1+
#1650000
0+
#1650500
b10 5
1+
#1651000
0+
#1651500
b11 5
1+
#1652000
0+
#1652500
b100 5
1+
#1653000
0+
#1653500
b101 5
1+
#1654000
0+
#1654500
1$
b0 5
1+
#1655000
0+
#1655500
0$
b1 5
b10 I
1+
#1656000
0+
#1656500
b10 5
1+
#1657000
0+
#1657500
b11 5
1+
#1658000
0+
#1658500
b100 5
1+
#1659000
0+
#1659500
b101 5
1+
#1660000
0+
#1660500
1$
b0 5
1+
#1661000
0+
#1661500
0$
b1 5
b11 I
1+
#1662000
0+
#1662500
b10 5
1+
#1663000
0+
#1663500
b11 5
1+
#1664000
0+
#1664500
b100 5
1+
#1665000
0+
#1665500
b101 5
1+
#1666000
0+
#1666500
1$
b0 5
1+
#1667000
0+
#1667500
0$
b1 5
b100 I
1+
#1668000
0+
#1668500
b10 5
1+
#1669000
0+
#1669500
b11 5
1+
#1670000
0+
#1670500
b100 5
1+
#1671000
0+
#1671500
b101 5
1+
#1672000
0+
#1672500
1$
b0 5
1+
#1673000
0+
#1673500
0$
b1 5
b101 I
1+
#1674000
0+
#1674500
b10 5
1+
#1675000
0+
#1675500
b11 5
1+
#1676000
0+
#1676500
b100 5
1+
#1677000
0+
#1677500
b101 5
1+
#1678000
0+
#1678500
1$
b0 5
1+
#1679000
0+
#1679500
0$
b1 5
b110 I
1+
#1680000
0+
#1680500
b10 5
1+
#1681000
0+
#1681500
b11 5
1+
#1682000
0+
#1682500
b100 5
1+
#1683000
0+
#1683500
b101 5
1+
#1684000
0+
#1684500
1$
b0 5
1+
#1685000
0+
#1685500
0$
b1 5
b111 I
1+
#1686000
0+
#1686500
b10 5
1+
#1687000
0+
#1687500
b11 5
1+
#1688000
0+
#1688500
b100 5
1+
#1689000
0+
#1689500
b101 5
1+
#1690000
0+
#1690500
1$
b0 5
1+
#1691000
0+
#1691500
0$
b1 5
b1000 I
1+
#1692000
0+
#1692500
b10 5
1+
#1693000
0+
#1693500
b11 5
1+
#1694000
0+
#1694500
b100 5
1+
#1695000
0+
#1695500
b101 5
1+
#1696000
0+
#1696500
1$
b0 5
1+
#1697000
0+
#1697500
0$
b1 5
b1001 I
1+
#1698000
0+
#1698500
b10 5
1+
#1699000
0+
#1699500
b11 5
1+
#1700000
0+
#1700500
b100 5
1+
#1701000
0+
#1701500
b101 5
1+
#1702000
0+
#1702500
1$
b0 5
1+
#1703000
0+
#1703500
0$
b1 5
b1010 I
1+
#1704000
0+
#1704500
b10 5
1+
#1705000
0+
#1705500
b11 5
1+
#1706000
0+
#1706500
b100 5
1+
#1707000
0+
#1707500
b101 5
1+
#1708000
0+
#1708500
1$
b0 5
1+
#1709000
0+
#1709500
0$
b1 5
b1011 I
1+
#1710000
0+
#1710500
b10 5
1+
#1711000
0+
#1711500
b11 5
1+
#1712000
0+
#1712500
b100 5
1+
#1713000
0+
#1713500
b101 5
1+
#1714000
0+
#1714500
1$
b0 5
1+
#1715000
0+
#1715500
0$
b1 5
b1100 I
1+
#1716000
0+
#1716500
b10 5
1+
#1717000
0+
#1717500
b11 5
1+
#1718000
0+
#1718500
b100 5
1+
#1719000
0+
#1719500
b101 5
1+
#1720000
0+
#1720500
1$
b0 5
1+
#1721000
0+
#1721500
0$
b1 5
b1101 I
1+
#1722000
0+
#1722500
b10 5
1+
#1723000
0+
#1723500
b11 5
1+
#1724000
0+
#1724500
b100 5
1+
#1725000
0+
#1725500
b101 5
1+
#1726000
0+
#1726500
1$
b0 5
1+
#1727000
0+
#1727500
0$
b1 5
b1110 I
1+
#1728000
0+
#1728500
b10 5
1+
#1729000
0+
#1729500
b11 5
1+
#1730000
0+
#1730500
b100 5
1+
#1731000
0+
#1731500
b101 5
1+
#1732000
0+
#1732500
1$
b0 5
1+
#1733000
0+
#1733500
0$
b1 5
b1111 I
1+
#1734000
0+
#1734500
b10 5
1+
#1735000
0+
#1735500
b11 5
1+
#1736000
0+
#1736500
b100 5
1+
#1737000
0+
#1737500
b101 5
1+
#1738000
0+
#1738500
1$
b0 5
1+
#1739000
0+
#1739500
0$
b1 5
b111 H
b1 J
b0 I
1+
#1740000
0+
#1740500
1!
b10 5
1+
#1741000
0+
#1741500
b11 5
1+
#1742000
0+
#1742500
b100 5
1+
#1743000
0+
#1743500
b101 5
1+
#1744000
0+
#1744500
1$
b0 5
1+
#1745000
0+
#1745500
0$
b1 5
b1 I
1+
#1746000
0+
#1746500
b10 5
1+
#1747000
0+
#1747500
b11 5
1+
#1748000
0+
#1748500
b100 5
1+
#1749000
0+
#1749500
b101 5
1+
#1750000
0+
#1750500
1$
b0 5
1+
#1751000
0+
#1751500
0$
b1 5
b10 I
1+
#1752000
0+
#1752500
b10 5
1+
#1753000
0+
#1753500
b11 5
1+
#1754000
0+
#1754500
b100 5
1+
#1755000
0+
#1755500
b101 5
1+
#1756000
0+
#1756500
1$
b0 5
1+
#1757000
0+
#1757500
0$
b1 5
b11 I
1+
#1758000
0+
#1758500
b10 5
1+
#1759000
0+
#1759500
b11 5
1+
#1760000
0+
#1760500
b100 5
1+
#1761000
0+
#1761500
b101 5
1+
#1762000
0+
#1762500
1$
b0 5
1+
#1763000
0+
#1763500
0$
b1 5
b100 I
1+
#1764000
0+
#1764500
b10 5
1+
#1765000
0+
#1765500
b11 5
1+
#1766000
0+
#1766500
b100 5
1+
#1767000
0+
#1767500
b101 5
1+
#1768000
0+
#1768500
1$
b0 5
1+
#1769000
0+
#1769500
0$
b1 5
b101 I
1+
#1770000
0+
#1770500
b10 5
1+
#1771000
0+
#1771500
b11 5
1+
#1772000
0+
#1772500
b100 5
1+
#1773000
0+
#1773500
b101 5
1+
#1774000
0+
#1774500
1$
b0 5
1+
#1775000
0+
#1775500
0$
b1 5
b110 I
1+
#1776000
0+
#1776500
b10 5
1+
#1777000
0+
#1777500
b11 5
1+
#1778000
0+
#1778500
b100 5
1+
#1779000
0+
#1779500
b101 5
1+
#1780000
0+
#1780500
1$
b0 5
1+
#1781000
0+
#1781500
0$
b1 5
b111 I
1+
#1782000
0+
#1782500
b10 5
1+
#1783000
0+
#1783500
b11 5
1+
#1784000
0+
#1784500
b100 5
1+
#1785000
0+
#1785500
b101 5
1+
#1786000
0+
#1786500
1$
b0 5
1+
#1787000
0+
#1787500
0$
b1 5
b1000 I
1+
#1788000
0+
#1788500
b10 5
1+
#1789000
0+
#1789500
b11 5
1+
#1790000
0+
#1790500
b100 5
1+
#1791000
0+
#1791500
b101 5
1+
#1792000
0+
#1792500
1$
b0 5
1+
#1793000
0+
#1793500
0$
b1 5
b1001 I
1+
#1794000
0+
#1794500
b10 5
1+
#1795000
0+
#1795500
b11 5
1+
#1796000
0+
#1796500
b100 5
1+
#1797000
0+
#1797500
b101 5
1+
#1798000
0+
#1798500
1$
b0 5
1+
#1799000
0+
#1799500
0$
b1 5
b1010 I
1+
#1800000
0+
#1800500
b10 5
1+
#1801000
0+
#1801500
b11 5
1+
#1802000
0+
#1802500
b100 5
1+
#1803000
0+
#1803500
b101 5
1+
#1804000
0+
#1804500
1$
b0 5
1+
#1805000
0+
#1805500
0$
b1 5
b1011 I
1+
#1806000
0+
#1806500
b10 5
1+
#1807000
0+
#1807500
b11 5
1+
#1808000
0+
#1808500
b100 5
1+
#1809000
0+
#1809500
b101 5
1+
#1810000
0+
#1810500
1$
b0 5
1+
#1811000
0+
#1811500
0$
b1 5
b1100 I
1+
#1812000
0+
#1812500
b10 5
1+
#1813000
0+
#1813500
b11 5
1+
#1814000
0+
#1814500
b100 5
1+
#1815000
0+
#1815500
b101 5
1+
#1816000
0+
#1816500
1$
b0 5
1+
#1817000
0+
#1817500
0$
b1 5
b1101 I
1+
#1818000
0+
#1818500
b10 5
1+
#1819000
0+
#1819500
b11 5
1+
#1820000
0+
#1820500
b100 5
1+
#1821000
0+
#1821500
b101 5
1+
#1822000
0+
#1822500
1$
b0 5
1+
#1823000
0+
#1823500
0$
b1 5
b1110 I
1+
#1824000
0+
#1824500
b10 5
1+
#1825000
0+
#1825500
b11 5
1+
#1826000
0+
#1826500
b100 5
1+
#1827000
0+
#1827500
b101 5
1+
#1828000
0+
#1828500
1$
b0 5
1+
#1829000
0+
#1829500
0$
b1 5
b1111 I
1+
#1830000
0+
#1830500
b10 5
1+
#1831000
0+
#1831500
b11 5
1+
#1832000
0+
#1832500
b100 5
1+
#1833000
0+
#1833500
b101 5
1+
#1834000
0+
#1834500
1$
b0 5
1+
#1835000
0+
#1835500
0$
b1 5
b11 K
b0 H
b0 J
b0 I
1+
#1836000
0+
#1836500
b10 5
1+
#1837000
0+
#1837500
b11 5
1+
#1838000
0+
#1838500
b100 5
1+
#1839000
0+
#1839500
b101 5
1+
#1840000
0+
#1840500
1$
b0 5
1+
#1841000
0+
#1841500
0$
b1 5
b1 I
1+
#1842000
0+
#1842500
b10 5
1+
#1843000
0+
#1843500
b11 5
1+
#1844000
0+
#1844500
b100 5
1+
#1845000
0+
#1845500
b101 5
1+
#1846000
0+
#1846500
1$
b0 5
1+
#1847000
0+
#1847500
0$
b1 5
b10 I
1+
#1848000
0+
#1848500
b10 5
1+
#1849000
0+
#1849500
b11 5
1+
#1850000
0+
#1850500
b100 5
1+
#1851000
0+
#1851500
b101 5
1+
#1852000
0+
#1852500
1$
b0 5
1+
#1853000
0+
#1853500
0$
b1 5
b11 I
1+
#1854000
0+
#1854500
b10 5
1+
#1855000
0+
#1855500
b11 5
1+
#1856000
0+
#1856500
b100 5
1+
#1857000
0+
#1857500
b101 5
1+
#1858000
0+
#1858500
1$
b0 5
1+
#1859000
0+
#1859500
0$
b1 5
b100 I
1+
#1860000
0+
#1860500
b10 5
1+
#1861000
0+
#1861500
b11 5
1+
#1862000
0+
#1862500
b100 5
1+
#1863000
0+
#1863500
b101 5
1+
#1864000
0+
#1864500
1$
b0 5
1+
#1865000
0+
#1865500
0$
b1 5
b101 I
1+
#1866000
0+
#1866500
b10 5
1+
#1867000
0+
#1867500
b11 5
1+
#1868000
0+
#1868500
b100 5
1+
#1869000
0+
#1869500
b101 5
1+
#1870000
0+
#1870500
1$
b0 5
1+
#1871000
0+
#1871500
0$
b1 5
b110 I
1+
#1872000
0+
#1872500
b10 5
1+
#1873000
0+
#1873500
b11 5
1+
#1874000
0+
#1874500
b100 5
1+
#1875000
0+
#1875500
b101 5
1+
#1876000
0+
#1876500
1$
b0 5
1+
#1877000
0+
#1877500
0$
b1 5
b111 I
1+
#1878000
0+
#1878500
b10 5
1+
#1879000
0+
#1879500
b11 5
1+
#1880000
0+
#1880500
b100 5
1+
#1881000
0+
#1881500
b101 5
1+
#1882000
0+
#1882500
1$
b0 5
1+
#1883000
0+
#1883500
0$
b1 5
b1000 I
1+
#1884000
0+
#1884500
b10 5
1+
#1885000
0+
#1885500
b11 5
1+
#1886000
0+
#1886500
b100 5
1+
#1887000
0+
#1887500
b101 5
1+
#1888000
0+
#1888500
1$
b0 5
1+
#1889000
0+
#1889500
0$
b1 5
b1001 I
1+
#1890000
0+
#1890500
b10 5
1+
#1891000
0+
#1891500
b11 5
1+
#1892000
0+
#1892500
b100 5
1+
#1893000
0+
#1893500
b101 5
1+
#1894000
0+
#1894500
1$
b0 5
1+
#1895000
0+
#1895500
0$
b1 5
b1010 I
1+
#1896000
0+
#1896500
b10 5
1+
#1897000
0+
#1897500
b11 5
1+
#1898000
0+
#1898500
b100 5
1+
#1899000
0+
#1899500
b101 5
1+
#1900000
0+
#1900500
1$
b0 5
1+
#1901000
0+
#1901500
0$
b1 5
b1011 I
1+
#1902000
0+
#1902500
b10 5
1+
#1903000
0+
#1903500
b11 5
1+
#1904000
0+
#1904500
b100 5
1+
#1905000
0+
#1905500
b101 5
1+
#1906000
0+
#1906500
1$
b0 5
1+
#1907000
0+
#1907500
0$
b1 5
b1100 I
1+
#1908000
0+
#1908500
b10 5
1+
#1909000
0+
#1909500
b11 5
1+
#1910000
0+
#1910500
b100 5
1+
#1911000
0+
#1911500
b101 5
1+
#1912000
0+
#1912500
1$
b0 5
1+
#1913000
0+
#1913500
0$
b1 5
b1101 I
1+
#1914000
0+
#1914500
b10 5
1+
#1915000
0+
#1915500
b11 5
1+
#1916000
0+
#1916500
b100 5
1+
#1917000
0+
#1917500
b101 5
1+
#1918000
0+
#1918500
1$
b0 5
1+
#1919000
0+
#1919500
0$
b1 5
b1110 I
1+
#1920000
0+
#1920500
b10 5
1+
#1921000
0+
#1921500
b11 5
1+
#1922000
0+
#1922500
b100 5
1+
#1923000
0+
#1923500
b101 5
1+
#1924000
0+
#1924500
1$
b0 5
1+
#1925000
0+
#1925500
0$
b1 5
b1111 I
1+
#1926000
0+
#1926500
b10 5
1+
#1927000
0+
#1927500
b11 5
1+
#1928000
0+
#1928500
b100 5
1+
#1929000
0+
#1929500
b101 5
1+
#1930000
0+
#1930500
1$
b0 5
1+
#1931000
0+
#1931500
b11111111 L
0$
b1 5
1"
0#
b0 K
b0 I
1+
#1932000
0+
#1932500
0"
b10 5
1/
b11111111 .
b11111111 B
1+
#1933000
0+
#1933500
b11 5
b1 K
1#
b11111111 J
0/
1+
#1934000
0+
#1934500
0!
b100 5
1+
#1935000
0+
#1935500
b101 5
1+
#1936000
0+
#1936500
1$
b0 5
1+
#1937000
0+
#1937500
0$
b1 5
b1 I
1+
#1938000
0+
#1938500
b10 5
1+
#1939000
0+
#1939500
b11 5
1+
#1940000
0+
#1940500
b100 5
1+
#1941000
0+
#1941500
b101 5
1+
#1942000
0+
#1942500
1$
b0 5
1+
#1943000
0+
#1943500
0$
b1 5
b10 I
1+
#1944000
0+
#1944500
b10 5
1+
#1945000
0+
#1945500
b11 5
1+
#1946000
0+
#1946500
b100 5
1+
#1947000
0+
#1947500
b101 5
1+
#1948000
0+
#1948500
1$
b0 5
1+
#1949000
0+
#1949500
0$
b1 5
b11 I
1+
#1950000
0+
#1950500
b10 5
1+
#1951000
0+
#1951500
b11 5
1+
#1952000
0+
#1952500
b100 5
1+
#1953000
0+
#1953500
b101 5
1+
#1954000
0+
#1954500
1$
b0 5
1+
#1955000
0+
#1955500
0$
b1 5
b100 I
1+
#1956000
0+
#1956500
b10 5
1+
#1957000
0+
#1957500
b11 5
1+
#1958000
0+
#1958500
b100 5
1+
#1959000
0+
#1959500
b101 5
1+
#1960000
0+
#1960500
1$
b0 5
1+
#1961000
0+
#1961500
0$
b1 5
b101 I
1+
#1962000
0+
#1962500
b10 5
1+
#1963000
0+
#1963500
b11 5
1+
#1964000
0+
#1964500
b100 5
1+
#1965000
0+
#1965500
b101 5
1+
#1966000
0+
#1966500
1$
b0 5
1+
#1967000
0+
#1967500
0$
b1 5
b110 I
1+
#1968000
0+
#1968500
b10 5
1+
#1969000
0+
#1969500
b11 5
1+
#1970000
0+
#1970500
b100 5
1+
#1971000
0+
#1971500
b101 5
1+
#1972000
0+
#1972500
1$
b0 5
1+
#1973000
0+
#1973500
0$
b1 5
b111 I
1+
#1974000
0+
#1974500
b10 5
1+
#1975000
0+
#1975500
b11 5
1+
#1976000
0+
#1976500
b100 5
1+
#1977000
0+
#1977500
b101 5
1+
#1978000
0+
#1978500
1$
b0 5
1+
#1979000
0+
#1979500
0$
b1 5
b1000 I
1+
#1980000
0+
#1980500
b10 5
1+
#1981000
0+
#1981500
b11 5
1+
#1982000
0+
#1982500
b100 5
1+
#1983000
0+
#1983500
b101 5
1+
#1984000
0+
#1984500
1$
b0 5
1+
#1985000
0+
#1985500
0$
b1 5
b1001 I
1+
#1986000
0+
#1986500
b10 5
1+
#1987000
0+
#1987500
b11 5
1+
#1988000
0+
#1988500
b100 5
1+
#1989000
0+
#1989500
b101 5
1+
#1990000
0+
#1990500
1$
b0 5
1+
#1991000
0+
#1991500
0$
b1 5
b1010 I
1+
#1992000
0+
#1992500
b10 5
1+
#1993000
0+
#1993500
b11 5
1+
#1994000
0+
#1994500
b100 5
1+
#1995000
0+
#1995500
b101 5
1+
#1996000
0+
#1996500
1$
b0 5
1+
#1997000
0+
#1997500
0$
b1 5
b1011 I
1+
#1998000
0+
#1998500
b10 5
1+
#1999000
0+
#1999500
b11 5
1+
#2000000
0+
#2000500
b100 5
1+
#2001000
0+
#2001500
b101 5
1+
#2002000
0+
#2002500
1$
b0 5
1+
#2003000
0+
#2003500
0$
b1 5
b1100 I
1+
#2004000
0+
#2004500
b10 5
1+
#2005000
0+
#2005500
b11 5
1+
#2006000
0+
#2006500
b100 5
1+
#2007000
0+
#2007500
b101 5
1+
#2008000
0+
#2008500
1$
b0 5
1+
#2009000
0+
#2009500
0$
b1 5
b1101 I
1+
#2010000
0+
#2010500
b10 5
1+
#2011000
0+
#2011500
b11 5
1+
#2012000
0+
#2012500
b100 5
1+
#2013000
0+
#2013500
b101 5
1+
#2014000
0+
#2014500
1$
b0 5
1+
#2015000
0+
#2015500
0$
b1 5
b1110 I
1+
#2016000
0+
#2016500
b10 5
1+
#2017000
0+
#2017500
b11 5
1+
#2018000
0+
#2018500
b100 5
1+
#2019000
0+
#2019500
b101 5
1+
#2020000
0+
#2020500
1$
b0 5
1+
#2021000
0+
#2021500
0$
b1 5
b1111 I
1+
#2022000
0+
#2022500
b10 5
1+
#2023000
0+
#2023500
b11 5
1+
#2024000
0+
#2024500
b100 5
1+
#2025000
0+
#2025500
b101 5
1+
#2026000
0+
#2026500
1$
b0 5
1+
#2027000
0+
#2027500
0$
b1 5
b10 K
b0 I
1+
#2028000
0+
#2028500
1!
b10 5
1+
#2029000
0+
#2029500
b11 5
1+
#2030000
0+
#2030500
b100 5
1+
#2031000
0+
#2031500
b101 5
1+
#2032000
0+
#2032500
1$
b0 5
1+
#2033000
0+
#2033500
0$
b1 5
b1 I
1+
#2034000
0+
#2034500
b10 5
1+
#2035000
0+
#2035500
b11 5
1+
#2036000
0+
#2036500
b100 5
1+
#2037000
0+
#2037500
b101 5
1+
#2038000
0+
#2038500
1$
b0 5
1+
#2039000
0+
#2039500
0$
b1 5
b10 I
1+
#2040000
0+
#2040500
b10 5
1+
#2041000
0+
#2041500
b11 5
1+
#2042000
0+
#2042500
b100 5
1+
#2043000
0+
#2043500
b101 5
1+
#2044000
0+
#2044500
1$
b0 5
1+
#2045000
0+
#2045500
0$
b1 5
b11 I
1+
#2046000
0+
#2046500
b10 5
1+
#2047000
0+
#2047500
b11 5
1+
#2048000
0+
#2048500
b100 5
1+
#2049000
0+
#2049500
b101 5
1+
#2050000
0+
#2050500
1$
b0 5
1+
#2051000
0+
#2051500
0$
b1 5
b100 I
1+
#2052000
0+
#2052500
b10 5
1+
#2053000
0+
#2053500
b11 5
1+
#2054000
0+
#2054500
b100 5
1+
#2055000
0+
#2055500
b101 5
1+
#2056000
0+
#2056500
1$
b0 5
1+
#2057000
0+
#2057500
0$
b1 5
b101 I
1+
#2058000
0+
#2058500
b10 5
1+
#2059000
0+
#2059500
b11 5
1+
#2060000
0+
#2060500
b100 5
1+
#2061000
0+
#2061500
b101 5
1+
#2062000
0+
#2062500
1$
b0 5
1+
#2063000
0+
#2063500
0$
b1 5
b110 I
1+
#2064000
0+
#2064500
b10 5
1+
#2065000
0+
#2065500
b11 5
1+
#2066000
0+
#2066500
b100 5
1+
#2067000
0+
#2067500
b101 5
1+
#2068000
0+
#2068500
1$
b0 5
1+
#2069000
0+
#2069500
0$
b1 5
b111 I
1+
#2070000
0+
#2070500
b10 5
1+
#2071000
0+
#2071500
b11 5
1+
#2072000
0+
#2072500
b100 5
1+
#2073000
0+
#2073500
b101 5
1+
#2074000
0+
#2074500
1$
b0 5
1+
#2075000
0+
#2075500
0$
b1 5
b1000 I
1+
#2076000
0+
#2076500
b10 5
1+
#2077000
0+
#2077500
b11 5
1+
#2078000
0+
#2078500
b100 5
1+
#2079000
0+
#2079500
b101 5
1+
#2080000
0+
#2080500
1$
b0 5
1+
#2081000
0+
#2081500
0$
b1 5
b1001 I
1+
#2082000
0+
#2082500
b10 5
1+
#2083000
0+
#2083500
b11 5
1+
#2084000
0+
#2084500
b100 5
1+
#2085000
0+
#2085500
b101 5
1+
#2086000
0+
#2086500
1$
b0 5
1+
#2087000
0+
#2087500
0$
b1 5
b1010 I
1+
#2088000
0+
#2088500
b10 5
1+
#2089000
0+
#2089500
b11 5
1+
#2090000
0+
#2090500
b100 5
1+
#2091000
0+
#2091500
b101 5
1+
#2092000
0+
#2092500
1$
b0 5
1+
#2093000
0+
#2093500
0$
b1 5
b1011 I
1+
#2094000
0+
#2094500
b10 5
1+
#2095000
0+
#2095500
b11 5
1+
#2096000
0+
#2096500
b100 5
1+
#2097000
0+
#2097500
b101 5
1+
#2098000
0+
#2098500
1$
b0 5
1+
#2099000
0+
#2099500
0$
b1 5
b1100 I
1+
#2100000
0+
#2100500
b10 5
1+
#2101000
0+
#2101500
b11 5
1+
#2102000
0+
#2102500
b100 5
1+
#2103000
0+
#2103500
b101 5
1+
#2104000
0+
#2104500
1$
b0 5
1+
#2105000
0+
#2105500
0$
b1 5
b1101 I
1+
#2106000
0+
#2106500
b10 5
1+
#2107000
0+
#2107500
b11 5
1+
#2108000
0+
#2108500
b100 5
1+
#2109000
0+
#2109500
b101 5
1+
#2110000
0+
#2110500
1$
b0 5
1+
#2111000
0+
#2111500
0$
b1 5
b1110 I
1+
#2112000
0+
#2112500
b10 5
1+
#2113000
0+
#2113500
b11 5
1+
#2114000
0+
#2114500
b100 5
1+
#2115000
0+
#2115500
b101 5
1+
#2116000
0+
#2116500
1$
b0 5
1+
#2117000
0+
#2117500
0$
b1 5
b1111 I
1+
#2118000
0+
#2118500
b10 5
1+
#2119000
0+
#2119500
b11 5
1+
#2120000
0+
#2120500
b100 5
1+
#2121000
0+
#2121500
b101 5
1+
#2122000
0+
#2122500
1$
b0 5
1+
#2123000
0+
#2123500
0$
b1 5
b1 H
b1111111 J
b0 I
1+
#2124000
0+
#2124500
b10 5
1+
#2125000
0+
#2125500
b11 5
1+
#2126000
0+
#2126500
b100 5
1+
#2127000
0+
#2127500
b101 5
1+
#2128000
0+
#2128500
1$
b0 5
1+
#2129000
0+
#2129500
0$
b1 5
b1 I
1+
#2130000
0+
#2130500
b10 5
1+
#2131000
0+
#2131500
b11 5
1+
#2132000
0+
#2132500
b100 5
1+
#2133000
0+
#2133500
b101 5
1+
#2134000
0+
#2134500
1$
b0 5
1+
#2135000
0+
#2135500
0$
b1 5
b10 I
1+
#2136000
0+
#2136500
b10 5
1+
#2137000
0+
#2137500
b11 5
1+
#2138000
0+
#2138500
b100 5
1+
#2139000
0+
#2139500
b101 5
1+
#2140000
0+
#2140500
1$
b0 5
1+
#2141000
0+
#2141500
0$
b1 5
b11 I
1+
#2142000
0+
#2142500
b10 5
1+
#2143000
0+
#2143500
b11 5
1+
#2144000
0+
#2144500
b100 5
1+
#2145000
0+
#2145500
b101 5
1+
#2146000
0+
#2146500
1$
b0 5
1+
#2147000
0+
#2147500
0$
b1 5
b100 I
1+
#2148000
0+
#2148500
b10 5
1+
#2149000
0+
#2149500
b11 5
1+
#2150000
0+
#2150500
b100 5
1+
#2151000
0+
#2151500
b101 5
1+
#2152000
0+
#2152500
1$
b0 5
1+
#2153000
0+
#2153500
0$
b1 5
b101 I
1+
#2154000
0+
#2154500
b10 5
1+
#2155000
0+
#2155500
b11 5
1+
#2156000
0+
#2156500
b100 5
1+
#2157000
0+
#2157500
b101 5
1+
#2158000
0+
#2158500
1$
b0 5
1+
#2159000
0+
#2159500
0$
b1 5
b110 I
1+
#2160000
0+
#2160500
b10 5
1+
#2161000
0+
#2161500
b11 5
1+
#2162000
0+
#2162500
b100 5
1+
#2163000
0+
#2163500
b101 5
1+
#2164000
0+
#2164500
1$
b0 5
1+
#2165000
0+
#2165500
0$
b1 5
b111 I
1+
#2166000
0+
#2166500
b10 5
1+
#2167000
0+
#2167500
b11 5
1+
#2168000
0+
#2168500
b100 5
1+
#2169000
0+
#2169500
b101 5
1+
#2170000
0+
#2170500
1$
b0 5
1+
#2171000
0+
#2171500
0$
b1 5
b1000 I
1+
#2172000
0+
#2172500
b10 5
1+
#2173000
0+
#2173500
b11 5
1+
#2174000
0+
#2174500
b100 5
1+
#2175000
0+
#2175500
b101 5
1+
#2176000
0+
#2176500
1$
b0 5
1+
#2177000
0+
#2177500
0$
b1 5
b1001 I
1+
#2178000
0+
#2178500
b10 5
1+
#2179000
0+
#2179500
b11 5
1+
#2180000
0+
#2180500
b100 5
1+
#2181000
0+
#2181500
b101 5
1+
#2182000
0+
#2182500
1$
b0 5
1+
#2183000
0+
#2183500
0$
b1 5
b1010 I
1+
#2184000
0+
#2184500
b10 5
1+
#2185000
0+
#2185500
b11 5
1+
#2186000
0+
#2186500
b100 5
1+
#2187000
0+
#2187500
b101 5
1+
#2188000
0+
#2188500
1$
b0 5
1+
#2189000
0+
#2189500
0$
b1 5
b1011 I
1+
#2190000
0+
#2190500
b10 5
1+
#2191000
0+
#2191500
b11 5
1+
#2192000
0+
#2192500
b100 5
1+
#2193000
0+
#2193500
b101 5
1+
#2194000
0+
#2194500
1$
b0 5
1+
#2195000
0+
#2195500
0$
b1 5
b1100 I
1+
#2196000
0+
#2196500
b10 5
1+
#2197000
0+
#2197500
b11 5
1+
#2198000
0+
#2198500
b100 5
1+
#2199000
0+
#2199500
b101 5
1+
#2200000
0+
#2200500
1$
b0 5
1+
#2201000
0+
#2201500
0$
b1 5
b1101 I
1+
#2202000
0+
#2202500
b10 5
1+
#2203000
0+
#2203500
b11 5
1+
#2204000
0+
#2204500
b100 5
1+
#2205000
0+
#2205500
b101 5
1+
#2206000
0+
#2206500
1$
b0 5
1+
#2207000
0+
#2207500
0$
b1 5
b1110 I
1+
#2208000
0+
#2208500
b10 5
1+
#2209000
0+
#2209500
b11 5
1+
#2210000
0+
#2210500
b100 5
1+
#2211000
0+
#2211500
b101 5
1+
#2212000
0+
#2212500
1$
b0 5
1+
#2213000
0+
#2213500
0$
b1 5
b1111 I
1+
#2214000
0+
#2214500
b10 5
1+
#2215000
0+
#2215500
b11 5
1+
#2216000
0+
#2216500
b100 5
1+
#2217000
0+
#2217500
b101 5
1+
#2218000
0+
#2218500
1$
b0 5
1+
#2219000
0+
#2219500
0$
b1 5
b10 H
b111111 J
b0 I
1+
#2220000
0+
#2220500
b10 5
1+
#2221000
0+
#2221500
b11 5
1+
#2222000
0+
#2222500
b100 5
1+
#2223000
0+
#2223500
b101 5
1+
#2224000
0+
#2224500
1$
b0 5
1+
#2225000
0+
#2225500
0$
b1 5
b1 I
1+
#2226000
0+
#2226500
b10 5
1+
#2227000
0+
#2227500
b11 5
1+
#2228000
0+
#2228500
b100 5
1+
#2229000
0+
#2229500
b101 5
1+
#2230000
0+
#2230500
1$
b0 5
1+
#2231000
0+
#2231500
0$
b1 5
b10 I
1+
#2232000
0+
#2232500
b10 5
1+
#2233000
0+
#2233500
b11 5
1+
#2234000
0+
#2234500
b100 5
1+
#2235000
0+
#2235500
b101 5
1+
#2236000
0+
#2236500
1$
b0 5
1+
#2237000
0+
#2237500
0$
b1 5
b11 I
1+
#2238000
0+
#2238500
b10 5
1+
#2239000
0+
#2239500
b11 5
1+
#2240000
0+
#2240500
b100 5
1+
#2241000
0+
#2241500
b101 5
1+
#2242000
0+
#2242500
1$
b0 5
1+
#2243000
0+
#2243500
0$
b1 5
b100 I
1+
#2244000
0+
#2244500
b10 5
1+
#2245000
0+
#2245500
b11 5
1+
#2246000
0+
#2246500
b100 5
1+
#2247000
0+
#2247500
b101 5
1+
#2248000
0+
#2248500
1$
b0 5
1+
#2249000
0+
#2249500
0$
b1 5
b101 I
1+
#2250000
0+
#2250500
b10 5
1+
#2251000
0+
#2251500
b11 5
1+
#2252000
0+
#2252500
b100 5
1+
#2253000
0+
#2253500
b101 5
1+
#2254000
0+
#2254500
1$
b0 5
1+
#2255000
0+
#2255500
0$
b1 5
b110 I
1+
#2256000
0+
#2256500
b10 5
1+
#2257000
0+
#2257500
b11 5
1+
#2258000
0+
#2258500
b100 5
1+
#2259000
0+
#2259500
b101 5
1+
#2260000
0+
#2260500
1$
b0 5
1+
#2261000
0+
#2261500
0$
b1 5
b111 I
1+
#2262000
0+
#2262500
b10 5
1+
#2263000
0+
#2263500
b11 5
1+
#2264000
0+
#2264500
b100 5
1+
#2265000
0+
#2265500
b101 5
1+
#2266000
0+
#2266500
1$
b0 5
1+
#2267000
0+
#2267500
0$
b1 5
b1000 I
1+
#2268000
0+
#2268500
b10 5
1+
#2269000
0+
#2269500
b11 5
1+
#2270000
0+
#2270500
b100 5
1+
#2271000
0+
#2271500
b101 5
1+
#2272000
0+
#2272500
1$
b0 5
1+
#2273000
0+
#2273500
0$
b1 5
b1001 I
1+
#2274000
0+
#2274500
b10 5
1+
#2275000
0+
#2275500
b11 5
1+
#2276000
0+
#2276500
b100 5
1+
#2277000
0+
#2277500
b101 5
1+
#2278000
0+
#2278500
1$
b0 5
1+
#2279000
0+
#2279500
0$
b1 5
b1010 I
1+
#2280000
0+
#2280500
b10 5
1+
#2281000
0+
#2281500
b11 5
1+
#2282000
0+
#2282500
b100 5
1+
#2283000
0+
#2283500
b101 5
1+
#2284000
0+
#2284500
1$
b0 5
1+
#2285000
0+
#2285500
0$
b1 5
b1011 I
1+
#2286000
0+
#2286500
b10 5
1+
#2287000
0+
#2287500
b11 5
1+
#2288000
0+
#2288500
b100 5
1+
#2289000
0+
#2289500
b101 5
1+
#2290000
0+
#2290500
1$
b0 5
1+
#2291000
0+
#2291500
0$
b1 5
b1100 I
1+
#2292000
0+
#2292500
b10 5
1+
#2293000
0+
#2293500
b11 5
1+
#2294000
0+
#2294500
b100 5
1+
#2295000
0+
#2295500
b101 5
1+
#2296000
0+
#2296500
1$
b0 5
1+
#2297000
0+
#2297500
0$
b1 5
b1101 I
1+
#2298000
0+
#2298500
b10 5
1+
#2299000
0+
#2299500
b11 5
1+
#2300000
0+
#2300500
b100 5
1+
#2301000
0+
#2301500
b101 5
1+
#2302000
0+
#2302500
1$
b0 5
1+
#2303000
0+
#2303500
0$
b1 5
b1110 I
1+
#2304000
0+
#2304500
b10 5
1+
#2305000
0+
#2305500
b11 5
1+
#2306000
0+
#2306500
b100 5
1+
#2307000
0+
#2307500
b101 5
1+
#2308000
0+
#2308500
1$
b0 5
1+
#2309000
0+
#2309500
0$
b1 5
b1111 I
1+
#2310000
0+
#2310500
b10 5
1+
#2311000
0+
#2311500
b11 5
1+
#2312000
0+
#2312500
b100 5
1+
#2313000
0+
#2313500
b101 5
1+
#2314000
0+
#2314500
1$
b0 5
1+
#2315000
0+
#2315500
0$
b1 5
b11 H
b11111 J
b0 I
1+
#2316000
0+
#2316500
b10 5
1+
#2317000
0+
#2317500
b11 5
1+
#2318000
0+
#2318500
b100 5
1+
#2319000
0+
#2319500
b101 5
1+
#2320000
0+
#2320500
1$
b0 5
1+
#2321000
0+
#2321500
0$
b1 5
b1 I
1+
#2322000
0+
#2322500
b10 5
1+
#2323000
0+
#2323500
b11 5
1+
#2324000
0+
#2324500
b100 5
1+
#2325000
0+
#2325500
b101 5
1+
#2326000
0+
#2326500
1$
b0 5
1+
#2327000
0+
#2327500
0$
b1 5
b10 I
1+
#2328000
0+
#2328500
b10 5
1+
#2329000
0+
#2329500
b11 5
1+
#2330000
0+
#2330500
b100 5
1+
#2331000
0+
#2331500
b101 5
1+
#2332000
0+
#2332500
1$
b0 5
1+
#2333000
0+
#2333500
0$
b1 5
b11 I
1+
#2334000
0+
#2334500
b10 5
1+
#2335000
0+
#2335500
b11 5
1+
#2336000
0+
#2336500
b100 5
1+
#2337000
0+
#2337500
b101 5
1+
#2338000
0+
#2338500
1$
b0 5
1+
#2339000
0+
#2339500
0$
b1 5
b100 I
1+
#2340000
0+
#2340500
b10 5
1+
#2341000
0+
#2341500
b11 5
1+
#2342000
0+
#2342500
b100 5
1+
#2343000
0+
#2343500
b101 5
1+
#2344000
0+
#2344500
1$
b0 5
1+
#2345000
0+
#2345500
0$
b1 5
b101 I
1+
#2346000
0+
#2346500
b10 5
1+
#2347000
0+
#2347500
b11 5
1+
#2348000
0+
#2348500
b100 5
1+
#2349000
0+
#2349500
b101 5
1+
#2350000
0+
#2350500
1$
b0 5
1+
#2351000
0+
#2351500
0$
b1 5
b110 I
1+
#2352000
0+
#2352500
b10 5
1+
#2353000
0+
#2353500
b11 5
1+
#2354000
0+
#2354500
b100 5
1+
#2355000
0+
#2355500
b101 5
1+
#2356000
0+
#2356500
1$
b0 5
1+
#2357000
0+
#2357500
0$
b1 5
b111 I
1+
#2358000
0+
#2358500
b10 5
1+
#2359000
0+
#2359500
b11 5
1+
#2360000
0+
#2360500
b100 5
1+
#2361000
0+
#2361500
b101 5
1+
#2362000
0+
#2362500
1$
b0 5
1+
#2363000
0+
#2363500
0$
b1 5
b1000 I
1+
#2364000
0+
#2364500
b10 5
1+
#2365000
0+
#2365500
b11 5
1+
#2366000
0+
#2366500
b100 5
1+
#2367000
0+
#2367500
b101 5
1+
#2368000
0+
#2368500
1$
b0 5
1+
#2369000
0+
#2369500
0$
b1 5
b1001 I
1+
#2370000
0+
#2370500
b10 5
1+
#2371000
0+
#2371500
b11 5
1+
#2372000
0+
#2372500
b100 5
1+
#2373000
0+
#2373500
b101 5
1+
#2374000
0+
#2374500
1$
b0 5
1+
#2375000
0+
#2375500
0$
b1 5
b1010 I
1+
#2376000
0+
#2376500
b10 5
1+
#2377000
0+
#2377500
b11 5
1+
#2378000
0+
#2378500
b100 5
1+
#2379000
0+
#2379500
b101 5
1+
#2380000
0+
#2380500
1$
b0 5
1+
#2381000
0+
#2381500
0$
b1 5
b1011 I
1+
#2382000
0+
#2382500
b10 5
1+
#2383000
0+
#2383500
b11 5
1+
#2384000
0+
#2384500
b100 5
1+
#2385000
0+
#2385500
b101 5
1+
#2386000
0+
#2386500
1$
b0 5
1+
#2387000
0+
#2387500
0$
b1 5
b1100 I
1+
#2388000
0+
#2388500
b10 5
1+
#2389000
0+
#2389500
b11 5
1+
#2390000
0+
#2390500
b100 5
1+
#2391000
0+
#2391500
b101 5
1+
#2392000
0+
#2392500
1$
b0 5
1+
#2393000
0+
#2393500
0$
b1 5
b1101 I
1+
#2394000
0+
#2394500
b10 5
1+
#2395000
0+
#2395500
b11 5
1+
#2396000
0+
#2396500
b100 5
1+
#2397000
0+
#2397500
b101 5
1+
#2398000
0+
#2398500
1$
b0 5
1+
#2399000
0+
#2399500
0$
b1 5
b1110 I
1+
#2400000
0+
#2400500
b10 5
1+
#2401000
0+
#2401500
b11 5
1+
#2402000
0+
#2402500
b100 5
1+
#2403000
0+
#2403500
b101 5
1+
#2404000
0+
#2404500
1$
b0 5
1+
#2405000
0+
#2405500
0$
b1 5
b1111 I
1+
#2406000
0+
#2406500
b10 5
1+
#2407000
0+
#2407500
b11 5
1+
#2408000
0+
#2408500
b100 5
1+
#2409000
0+
#2409500
b101 5
1+
#2410000
0+
#2410500
1$
b0 5
1+
#2411000
0+
#2411500
0$
b1 5
b100 H
b1111 J
b0 I
1+
#2412000
0+
#2412500
b10 5
1+
#2413000
0+
#2413500
b11 5
1+
#2414000
0+
#2414500
b100 5
1+
#2415000
0+
#2415500
b101 5
1+
#2416000
0+
#2416500
1$
b0 5
1+
#2417000
0+
#2417500
0$
b1 5
b1 I
1+
#2418000
0+
#2418500
b10 5
1+
#2419000
0+
#2419500
b11 5
1+
#2420000
0+
#2420500
b100 5
1+
#2421000
0+
#2421500
b101 5
1+
#2422000
0+
#2422500
1$
b0 5
1+
#2423000
0+
#2423500
0$
b1 5
b10 I
1+
#2424000
0+
#2424500
b10 5
1+
#2425000
0+
#2425500
b11 5
1+
#2426000
0+
#2426500
b100 5
1+
#2427000
0+
#2427500
b101 5
1+
#2428000
0+
#2428500
1$
b0 5
1+
#2429000
0+
#2429500
0$
b1 5
b11 I
1+
#2430000
0+
#2430500
b10 5
1+
#2431000
0+
#2431500
b11 5
1+
#2432000
0+
#2432500
b100 5
1+
#2433000
0+
#2433500
b101 5
1+
#2434000
0+
#2434500
1$
b0 5
1+
#2435000
0+
#2435500
0$
b1 5
b100 I
1+
#2436000
0+
#2436500
b10 5
1+
#2437000
0+
#2437500
b11 5
1+
#2438000
0+
#2438500
b100 5
1+
#2439000
0+
#2439500
b101 5
1+
#2440000
0+
#2440500
1$
b0 5
1+
#2441000
0+
#2441500
0$
b1 5
b101 I
1+
#2442000
0+
#2442500
b10 5
1+
#2443000
0+
#2443500
b11 5
1+
#2444000
0+
#2444500
b100 5
1+
#2445000
0+
#2445500
b101 5
1+
#2446000
0+
#2446500
1$
b0 5
1+
#2447000
0+
#2447500
0$
b1 5
b110 I
1+
#2448000
0+
#2448500
b10 5
1+
#2449000
0+
#2449500
b11 5
1+
#2450000
0+
#2450500
b100 5
1+
#2451000
0+
#2451500
b101 5
1+
#2452000
0+
#2452500
1$
b0 5
1+
#2453000
0+
#2453500
0$
b1 5
b111 I
1+
#2454000
0+
#2454500
b10 5
1+
#2455000
0+
#2455500
b11 5
1+
#2456000
0+
#2456500
b100 5
1+
#2457000
0+
#2457500
b101 5
1+
#2458000
0+
#2458500
1$
b0 5
1+
#2459000
0+
#2459500
0$
b1 5
b1000 I
1+
#2460000
0+
#2460500
b10 5
1+
#2461000
0+
#2461500
b11 5
1+
#2462000
0+
#2462500
b100 5
1+
#2463000
0+
#2463500
b101 5
1+
#2464000
0+
#2464500
1$
b0 5
1+
#2465000
0+
#2465500
0$
b1 5
b1001 I
1+
#2466000
0+
#2466500
b10 5
1+
#2467000
0+
#2467500
b11 5
1+
#2468000
0+
#2468500
b100 5
1+
#2469000
0+
#2469500
b101 5
1+
#2470000
0+
#2470500
1$
b0 5
1+
#2471000
0+
#2471500
0$
b1 5
b1010 I
1+
#2472000
0+
#2472500
b10 5
1+
#2473000
0+
#2473500
b11 5
1+
#2474000
0+
#2474500
b100 5
1+
#2475000
0+
#2475500
b101 5
1+
#2476000
0+
#2476500
1$
b0 5
1+
#2477000
0+
#2477500
0$
b1 5
b1011 I
1+
#2478000
0+
#2478500
b10 5
1+
#2479000
0+
#2479500
b11 5
1+
#2480000
0+
#2480500
b100 5
1+
#2481000
0+
#2481500
b101 5
1+
#2482000
0+
#2482500
1$
b0 5
1+
#2483000
0+
#2483500
0$
b1 5
b1100 I
1+
#2484000
0+
#2484500
b10 5
1+
#2485000
0+
#2485500
b11 5
1+
#2486000
0+
#2486500
b100 5
1+
#2487000
0+
#2487500
b101 5
1+
#2488000
0+
#2488500
1$
b0 5
1+
#2489000
0+
#2489500
0$
b1 5
b1101 I
1+
#2490000
0+
#2490500
b10 5
1+
#2491000
0+
#2491500
b11 5
1+
#2492000
0+
#2492500
b100 5
1+
#2493000
0+
#2493500
b101 5
1+
#2494000
0+
#2494500
1$
b0 5
1+
#2495000
0+
#2495500
0$
b1 5
b1110 I
1+
#2496000
0+
#2496500
b10 5
1+
#2497000
0+
#2497500
b11 5
1+
#2498000
0+
#2498500
b100 5
1+
#2499000
0+
#2499500
b101 5
1+
#2500000
0+
#2500500
1$
b0 5
1+
#2501000
0+
#2501500
0$
b1 5
b1111 I
1+
#2502000
0+
#2502500
b10 5
1+
#2503000
0+
#2503500
b11 5
1+
#2504000
0+
#2504500
b100 5
1+
#2505000
0+
#2505500
b101 5
1+
#2506000
0+
#2506500
1$
b0 5
1+
#2507000
0+
#2507500
0$
b1 5
b101 H
b111 J
b0 I
1+
#2508000
0+
#2508500
b10 5
1+
#2509000
0+
#2509500
b11 5
1+
#2510000
0+
#2510500
b100 5
1+
#2511000
0+
#2511500
b101 5
1+
#2512000
0+
#2512500
1$
b0 5
1+
#2513000
0+
#2513500
0$
b1 5
b1 I
1+
#2514000
0+
#2514500
b10 5
1+
#2515000
0+
#2515500
b11 5
1+
#2516000
0+
#2516500
b100 5
1+
#2517000
0+
#2517500
b101 5
1+
#2518000
0+
#2518500
1$
b0 5
1+
#2519000
0+
#2519500
0$
b1 5
b10 I
1+
#2520000
0+
#2520500
b10 5
1+
#2521000
0+
#2521500
b11 5
1+
#2522000
0+
#2522500
b100 5
1+
#2523000
0+
#2523500
b101 5
1+
#2524000
0+
#2524500
1$
b0 5
1+
#2525000
0+
#2525500
0$
b1 5
b11 I
1+
#2526000
0+
#2526500
b10 5
1+
#2527000
0+
#2527500
b11 5
1+
#2528000
0+
#2528500
b100 5
1+
#2529000
0+
#2529500
b101 5
1+
#2530000
0+
#2530500
1$
b0 5
1+
#2531000
0+
#2531500
0$
b1 5
b100 I
1+
#2532000
0+
#2532500
b10 5
1+
#2533000
0+
#2533500
b11 5
1+
#2534000
0+
#2534500
b100 5
1+
#2535000
0+
#2535500
b101 5
1+
#2536000
0+
#2536500
1$
b0 5
1+
#2537000
0+
#2537500
0$
b1 5
b101 I
1+
#2538000
0+
#2538500
b10 5
1+
#2539000
0+
#2539500
b11 5
1+
#2540000
0+
#2540500
b100 5
1+
#2541000
0+
#2541500
b101 5
1+
#2542000
0+
#2542500
1$
b0 5
1+
#2543000
0+
#2543500
0$
b1 5
b110 I
1+
#2544000
0+
#2544500
b10 5
1+
#2545000
0+
#2545500
b11 5
1+
#2546000
0+
#2546500
b100 5
1+
#2547000
0+
#2547500
b101 5
1+
#2548000
0+
#2548500
1$
b0 5
1+
#2549000
0+
#2549500
0$
b1 5
b111 I
1+
#2550000
0+
#2550500
b10 5
1+
#2551000
0+
#2551500
b11 5
1+
#2552000
0+
#2552500
b100 5
1+
#2553000
0+
#2553500
b101 5
1+
#2554000
0+
#2554500
1$
b0 5
1+
#2555000
0+
#2555500
0$
b1 5
b1000 I
1+
#2556000
0+
#2556500
b10 5
1+
#2557000
0+
#2557500
b11 5
1+
#2558000
0+
#2558500
b100 5
1+
#2559000
0+
#2559500
b101 5
1+
#2560000
0+
#2560500
1$
b0 5
1+
#2561000
0+
#2561500
0$
b1 5
b1001 I
1+
#2562000
0+
#2562500
b10 5
1+
#2563000
0+
#2563500
b11 5
1+
#2564000
0+
#2564500
b100 5
1+
#2565000
0+
#2565500
b101 5
1+
#2566000
0+
#2566500
1$
b0 5
1+
#2567000
0+
#2567500
0$
b1 5
b1010 I
1+
#2568000
0+
#2568500
b10 5
1+
#2569000
0+
#2569500
b11 5
1+
#2570000
0+
#2570500
b100 5
1+
#2571000
0+
#2571500
b101 5
1+
#2572000
0+
#2572500
1$
b0 5
1+
#2573000
0+
#2573500
0$
b1 5
b1011 I
1+
#2574000
0+
#2574500
b10 5
1+
#2575000
0+
#2575500
b11 5
1+
#2576000
0+
#2576500
b100 5
1+
#2577000
0+
#2577500
b101 5
1+
#2578000
0+
#2578500
1$
b0 5
1+
#2579000
0+
#2579500
0$
b1 5
b1100 I
1+
#2580000
0+
#2580500
b10 5
1+
#2581000
0+
#2581500
b11 5
1+
#2582000
0+
#2582500
b100 5
1+
#2583000
0+
#2583500
b101 5
1+
#2584000
0+
#2584500
1$
b0 5
1+
#2585000
0+
#2585500
0$
b1 5
b1101 I
1+
#2586000
0+
#2586500
b10 5
1+
#2587000
0+
#2587500
b11 5
1+
#2588000
0+
#2588500
b100 5
1+
#2589000
0+
#2589500
b101 5
1+
#2590000
0+
#2590500
1$
b0 5
1+
#2591000
0+
#2591500
0$
b1 5
b1110 I
1+
#2592000
0+
#2592500
b10 5
1+
#2593000
0+
#2593500
b11 5
1+
#2594000
0+
#2594500
b100 5
1+
#2595000
0+
#2595500
b101 5
1+
#2596000
0+
#2596500
1$
b0 5
1+
#2597000
0+
#2597500
0$
b1 5
b1111 I
1+
#2598000
0+
#2598500
b10 5
1+
#2599000
0+
#2599500
b11 5
1+
#2600000
0+
#2600500
b100 5
1+
#2601000
0+
#2601500
b101 5
1+
#2602000
0+
#2602500
1$
b0 5
1+
#2603000
0+
#2603500
0$
b1 5
b110 H
b11 J
b0 I
1+
#2604000
0+
#2604500
b10 5
1+
#2605000
0+
#2605500
b11 5
1+
#2606000
0+
#2606500
b100 5
1+
#2607000
0+
#2607500
b101 5
1+
#2608000
0+
#2608500
1$
b0 5
1+
#2609000
0+
#2609500
0$
b1 5
b1 I
1+
#2610000
0+
#2610500
b10 5
1+
#2611000
0+
#2611500
b11 5
1+
#2612000
0+
#2612500
b100 5
1+
#2613000
0+
#2613500
b101 5
1+
#2614000
0+
#2614500
1$
b0 5
1+
#2615000
0+
#2615500
0$
b1 5
b10 I
1+
#2616000
0+
#2616500
b10 5
1+
#2617000
0+
#2617500
b11 5
1+
#2618000
0+
#2618500
b100 5
1+
#2619000
0+
#2619500
b101 5
1+
#2620000
0+
#2620500
1$
b0 5
1+
#2621000
0+
#2621500
0$
b1 5
b11 I
1+
#2622000
0+
#2622500
b10 5
1+
#2623000
0+
#2623500
b11 5
1+
#2624000
0+
#2624500
b100 5
1+
#2625000
0+
#2625500
b101 5
1+
#2626000
0+
#2626500
1$
b0 5
1+
#2627000
0+
#2627500
0$
b1 5
b100 I
1+
#2628000
0+
#2628500
b10 5
1+
#2629000
0+
#2629500
b11 5
1+
#2630000
0+
#2630500
b100 5
1+
#2631000
0+
#2631500
b101 5
1+
#2632000
0+
#2632500
1$
b0 5
1+
#2633000
0+
#2633500
0$
b1 5
b101 I
1+
#2634000
0+
#2634500
b10 5
1+
#2635000
0+
#2635500
b11 5
1+
#2636000
0+
#2636500
b100 5
1+
#2637000
0+
#2637500
b101 5
1+
#2638000
0+
#2638500
1$
b0 5
1+
#2639000
0+
#2639500
0$
b1 5
b110 I
1+
#2640000
0+
#2640500
b10 5
1+
#2641000
0+
#2641500
b11 5
1+
#2642000
0+
#2642500
b100 5
1+
#2643000
0+
#2643500
b101 5
1+
#2644000
0+
#2644500
1$
b0 5
1+
#2645000
0+
#2645500
0$
b1 5
b111 I
1+
#2646000
0+
#2646500
b10 5
1+
#2647000
0+
#2647500
b11 5
1+
#2648000
0+
#2648500
b100 5
1+
#2649000
0+
#2649500
b101 5
1+
#2650000
0+
#2650500
1$
b0 5
1+
#2651000
0+
#2651500
0$
b1 5
b1000 I
1+
#2652000
0+
#2652500
b10 5
1+
#2653000
0+
#2653500
b11 5
1+
#2654000
0+
#2654500
b100 5
1+
#2655000
0+
#2655500
b101 5
1+
#2656000
0+
#2656500
1$
b0 5
1+
#2657000
0+
#2657500
0$
b1 5
b1001 I
1+
#2658000
0+
#2658500
b10 5
1+
#2659000
0+
#2659500
b11 5
1+
#2660000
0+
#2660500
b100 5
1+
#2661000
0+
#2661500
b101 5
1+
#2662000
0+
#2662500
1$
b0 5
1+
#2663000
0+
#2663500
0$
b1 5
b1010 I
1+
#2664000
0+
#2664500
b10 5
1+
#2665000
0+
#2665500
b11 5
1+
#2666000
0+
#2666500
b100 5
1+
#2667000
0+
#2667500
b101 5
1+
#2668000
0+
#2668500
1$
b0 5
1+
#2669000
0+
#2669500
0$
b1 5
b1011 I
1+
#2670000
0+
#2670500
b10 5
1+
#2671000
0+
#2671500
b11 5
1+
#2672000
0+
#2672500
b100 5
1+
#2673000
0+
#2673500
b101 5
1+
#2674000
0+
#2674500
1$
b0 5
1+
#2675000
0+
#2675500
0$
b1 5
b1100 I
1+
#2676000
0+
#2676500
b10 5
1+
#2677000
0+
#2677500
b11 5
1+
#2678000
0+
#2678500
b100 5
1+
#2679000
0+
#2679500
b101 5
1+
#2680000
0+
#2680500
1$
b0 5
1+
#2681000
0+
#2681500
0$
b1 5
b1101 I
1+
#2682000
0+
#2682500
b10 5
1+
#2683000
0+
#2683500
b11 5
1+
#2684000
0+
#2684500
b100 5
1+
#2685000
0+
#2685500
b101 5
1+
#2686000
0+
#2686500
1$
b0 5
1+
#2687000
0+
#2687500
0$
b1 5
b1110 I
1+
#2688000
0+
#2688500
b10 5
1+
#2689000
0+
#2689500
b11 5
1+
#2690000
0+
#2690500
b100 5
1+
#2691000
0+
#2691500
b101 5
1+
#2692000
0+
#2692500
1$
b0 5
1+
#2693000
0+
#2693500
0$
b1 5
b1111 I
1+
#2694000
0+
#2694500
b10 5
1+
#2695000
0+
#2695500
b11 5
1+
#2696000
0+
#2696500
b100 5
1+
#2697000
0+
#2697500
b101 5
1+
#2698000
0+
#2698500
1$
b0 5
1+
#2699000
0+
#2699500
0$
b1 5
b111 H
b1 J
b0 I
1+
#2700000
0+
#2700500
b10 5
1+
#2701000
0+
#2701500
b11 5
1+
#2702000
0+
#2702500
b100 5
1+
#2703000
0+
#2703500
b101 5
1+
#2704000
0+
#2704500
1$
b0 5
1+
#2705000
0+
#2705500
0$
b1 5
b1 I
1+
#2706000
0+
#2706500
b10 5
1+
#2707000
0+
#2707500
b11 5
1+
#2708000
0+
#2708500
b100 5
1+
#2709000
0+
#2709500
b101 5
1+
#2710000
0+
#2710500
1$
b0 5
1+
#2711000
0+
#2711500
0$
b1 5
b10 I
1+
#2712000
0+
#2712500
b10 5
1+
#2713000
0+
#2713500
b11 5
1+
#2714000
0+
#2714500
b100 5
1+
#2715000
0+
#2715500
b101 5
1+
#2716000
0+
#2716500
1$
b0 5
1+
#2717000
0+
#2717500
0$
b1 5
b11 I
1+
#2718000
0+
#2718500
b10 5
1+
#2719000
0+
#2719500
b11 5
1+
#2720000
0+
#2720500
b100 5
1+
#2721000
0+
#2721500
b101 5
1+
#2722000
0+
#2722500
1$
b0 5
1+
#2723000
0+
#2723500
0$
b1 5
b100 I
1+
#2724000
0+
#2724500
b10 5
1+
#2725000
0+
#2725500
b11 5
1+
#2726000
0+
#2726500
b100 5
1+
#2727000
0+
#2727500
b101 5
1+
#2728000
0+
#2728500
1$
b0 5
1+
#2729000
0+
#2729500
0$
b1 5
b101 I
1+
#2730000
0+
#2730500
b10 5
1+
#2731000
0+
#2731500
b11 5
1+
#2732000
0+
#2732500
b100 5
1+
#2733000
0+
#2733500
b101 5
1+
#2734000
0+
#2734500
1$
b0 5
1+
#2735000
0+
#2735500
0$
b1 5
b110 I
1+
#2736000
0+
#2736500
b10 5
1+
#2737000
0+
#2737500
b11 5
1+
#2738000
0+
#2738500
b100 5
1+
#2739000
0+
#2739500
b101 5
1+
#2740000
0+
#2740500
1$
b0 5
1+
#2741000
0+
#2741500
0$
b1 5
b111 I
1+
#2742000
0+
#2742500
b10 5
1+
#2743000
0+
#2743500
b11 5
1+
#2744000
0+
#2744500
b100 5
1+
#2745000
0+
#2745500
b101 5
1+
#2746000
0+
#2746500
1$
b0 5
1+
#2747000
0+
#2747500
0$
b1 5
b1000 I
1+
#2748000
0+
#2748500
b10 5
1+
#2749000
0+
#2749500
b11 5
1+
#2750000
0+
#2750500
b100 5
1+
#2751000
0+
#2751500
b101 5
1+
#2752000
0+
#2752500
1$
b0 5
1+
#2753000
0+
#2753500
0$
b1 5
b1001 I
1+
#2754000
0+
#2754500
b10 5
1+
#2755000
0+
#2755500
b11 5
1+
#2756000
0+
#2756500
b100 5
1+
#2757000
0+
#2757500
b101 5
1+
#2758000
0+
#2758500
1$
b0 5
1+
#2759000
0+
#2759500
0$
b1 5
b1010 I
1+
#2760000
0+
#2760500
b10 5
1+
#2761000
0+
#2761500
b11 5
1+
#2762000
0+
#2762500
b100 5
1+
#2763000
0+
#2763500
b101 5
1+
#2764000
0+
#2764500
1$
b0 5
1+
#2765000
0+
#2765500
0$
b1 5
b1011 I
1+
#2766000
0+
#2766500
b10 5
1+
#2767000
0+
#2767500
b11 5
1+
#2768000
0+
#2768500
b100 5
1+
#2769000
0+
#2769500
b101 5
1+
#2770000
0+
#2770500
1$
b0 5
1+
#2771000
0+
#2771500
0$
b1 5
b1100 I
1+
#2772000
0+
#2772500
b10 5
1+
#2773000
0+
#2773500
b11 5
1+
#2774000
0+
#2774500
b100 5
1+
#2775000
0+
#2775500
b101 5
1+
#2776000
0+
#2776500
1$
b0 5
1+
#2777000
0+
#2777500
0$
b1 5
b1101 I
1+
#2778000
0+
#2778500
b10 5
1+
#2779000
0+
#2779500
b11 5
1+
#2780000
0+
#2780500
b100 5
1+
#2781000
0+
#2781500
b101 5
1+
#2782000
0+
#2782500
1$
b0 5
1+
#2783000
0+
#2783500
0$
b1 5
b1110 I
1+
#2784000
0+
#2784500
b10 5
1+
#2785000
0+
#2785500
b11 5
1+
#2786000
0+
#2786500
b100 5
1+
#2787000
0+
#2787500
b101 5
1+
#2788000
0+
#2788500
1$
b0 5
1+
#2789000
0+
#2789500
0$
b1 5
b1111 I
1+
#2790000
0+
#2790500
b10 5
1+
#2791000
0+
#2791500
b11 5
1+
#2792000
0+
#2792500
b100 5
1+
#2793000
0+
#2793500
b101 5
1+
#2794000
0+
#2794500
1$
b0 5
1+
#2795000
0+
#2795500
0$
b1 5
b11 K
b0 H
b0 J
b0 I
1+
#2796000
0+
#2796500
b10 5
1+
#2797000
0+
#2797500
b11 5
1+
#2798000
0+
#2798500
b100 5
1+
#2799000
0+
#2799500
b101 5
1+
#2800000
0+
#2800500
1$
b0 5
1+
#2801000
0+
#2801500
0$
b1 5
b1 I
1+
#2802000
0+
#2802500
b10 5
1+
#2803000
0+
#2803500
b11 5
1+
#2804000
0+
#2804500
b100 5
1+
#2805000
0+
#2805500
b101 5
1+
#2806000
0+
#2806500
1$
b0 5
1+
#2807000
0+
#2807500
0$
b1 5
b10 I
1+
#2808000
0+
#2808500
b10 5
1+
#2809000
0+
#2809500
b11 5
1+
#2810000
0+
#2810500
b100 5
1+
#2811000
0+
#2811500
b101 5
1+
#2812000
0+
#2812500
1$
b0 5
1+
#2813000
0+
#2813500
0$
b1 5
b11 I
1+
#2814000
0+
#2814500
b10 5
1+
#2815000
0+
#2815500
b11 5
1+
#2816000
0+
#2816500
b100 5
1+
#2817000
0+
#2817500
b101 5
1+
#2818000
0+
#2818500
1$
b0 5
1+
#2819000
0+
#2819500
0$
b1 5
b100 I
1+
#2820000
0+
#2820500
b10 5
1+
#2821000
0+
#2821500
b11 5
1+
#2822000
0+
#2822500
b100 5
1+
#2823000
0+
#2823500
b101 5
1+
#2824000
0+
#2824500
1$
b0 5
1+
#2825000
0+
#2825500
0$
b1 5
b101 I
1+
#2826000
0+
#2826500
b10 5
1+
#2827000
0+
#2827500
b11 5
1+
#2828000
0+
#2828500
b100 5
1+
#2829000
0+
#2829500
b101 5
1+
#2830000
0+
#2830500
1$
b0 5
1+
#2831000
0+
#2831500
0$
b1 5
b110 I
1+
#2832000
0+
#2832500
b10 5
1+
#2833000
0+
#2833500
b11 5
1+
#2834000
0+
#2834500
b100 5
1+
#2835000
0+
#2835500
b101 5
1+
#2836000
0+
#2836500
1$
b0 5
1+
#2837000
0+
#2837500
0$
b1 5
b111 I
1+
#2838000
0+
#2838500
b10 5
1+
#2839000
0+
#2839500
b11 5
1+
#2840000
0+
#2840500
b100 5
1+
#2841000
0+
#2841500
b101 5
1+
#2842000
0+
#2842500
1$
b0 5
1+
#2843000
0+
#2843500
0$
b1 5
b1000 I
1+
#2844000
0+
#2844500
b10 5
1+
#2845000
0+
#2845500
b11 5
1+
#2846000
0+
#2846500
b100 5
1+
#2847000
0+
#2847500
b101 5
1+
#2848000
0+
#2848500
1$
b0 5
1+
#2849000
0+
#2849500
0$
b1 5
b1001 I
1+
#2850000
0+
#2850500
b10 5
1+
#2851000
0+
#2851500
b11 5
1+
#2852000
0+
#2852500
b100 5
1+
#2853000
0+
#2853500
b101 5
1+
#2854000
0+
#2854500
1$
b0 5
1+
#2855000
0+
#2855500
0$
b1 5
b1010 I
1+
#2856000
0+
#2856500
b10 5
1+
#2857000
0+
#2857500
b11 5
1+
#2858000
0+
#2858500
b100 5
1+
#2859000
0+
#2859500
b101 5
1+
#2860000
0+
#2860500
1$
b0 5
1+
#2861000
0+
#2861500
0$
b1 5
b1011 I
1+
#2862000
0+
#2862500
b10 5
1+
#2863000
0+
#2863500
b11 5
1+
#2864000
0+
#2864500
b100 5
1+
#2865000
0+
#2865500
b101 5
1+
#2866000
0+
#2866500
1$
b0 5
1+
#2867000
0+
#2867500
0$
b1 5
b1100 I
1+
#2868000
0+
#2868500
b10 5
1+
#2869000
0+
#2869500
b11 5
1+
#2870000
0+
#2870500
b100 5
1+
#2871000
0+
#2871500
b101 5
1+
#2872000
0+
#2872500
1$
b0 5
1+
#2873000
0+
#2873500
0$
b1 5
b1101 I
1+
#2874000
0+
#2874500
b10 5
1+
#2875000
0+
#2875500
b11 5
1+
#2876000
0+
#2876500
b100 5
1+
#2877000
0+
#2877500
b101 5
1+
#2878000
0+
#2878500
1$
b0 5
1+
#2879000
0+
#2879500
0$
b1 5
b1110 I
1+
#2880000
0+
#2880500
b10 5
1+
#2881000
0+
#2881500
b11 5
1+
#2882000
0+
#2882500
b100 5
1+
#2883000
0+
#2883500
b101 5
1+
#2884000
0+
#2884500
1$
b0 5
1+
#2885000
0+
#2885500
0$
b1 5
b1111 I
1+
#2886000
0+
#2886500
b10 5
1+
#2887000
0+
#2887500
b11 5
1+
#2888000
0+
#2888500
b100 5
1+
#2889000
0+
#2889500
b101 5
1+
#2890000
0+
#2890500
1$
b0 5
1+
#2891000
0+
#2891500
b0 L
0$
b1 5
1"
0#
b0 K
b0 I
1+
#2892000
0+
#2892500
0"
b10 5
1/
b0 .
b0 B
1+
#2893000
0+
#2893500
b11 5
b1 K
1#
0/
1+
#2894000
0+
#2894500
0!
b100 5
1+
#2895000
0+
#2895500
b101 5
1+
#2896000
0+
#2896500
1$
b0 5
1+
#2897000
0+
#2897500
0$
b1 5
b1 I
1+
#2898000
0+
#2898500
b10 5
1+
#2899000
0+
#2899500
b11 5
1+
#2900000
0+
#2900500
b100 5
1+
#2901000
0+
#2901500
b101 5
1+
#2902000
0+
#2902500
1$
b0 5
1+
#2903000
0+
#2903500
0$
b1 5
b10 I
1+
#2904000
0+
#2904500
b10 5
1+
#2905000
0+
#2905500
b11 5
1+
#2906000
0+
#2906500
b100 5
1+
#2907000
0+
#2907500
b101 5
1+
#2908000
0+
#2908500
1$
b0 5
1+
#2909000
0+
#2909500
0$
b1 5
b11 I
1+
#2910000
0+
#2910500
b10 5
1+
#2911000
0+
#2911500
b11 5
1+
#2912000
0+
#2912500
b100 5
1+
#2913000
0+
#2913500
b101 5
1+
#2914000
0+
#2914500
1$
b0 5
1+
#2915000
0+
#2915500
0$
b1 5
b100 I
1+
#2916000
0+
#2916500
b10 5
1+
#2917000
0+
#2917500
b11 5
1+
#2918000
0+
#2918500
b100 5
1+
#2919000
0+
#2919500
b101 5
1+
#2920000
0+
#2920500
1$
b0 5
1+
#2921000
0+
#2921500
0$
b1 5
b101 I
1+
#2922000
0+
#2922500
b10 5
1+
#2923000
0+
#2923500
b11 5
1+
#2924000
0+
#2924500
b100 5
1+
#2925000
0+
#2925500
b101 5
1+
#2926000
0+
#2926500
1$
b0 5
1+
#2927000
0+
#2927500
0$
b1 5
b110 I
1+
#2928000
0+
#2928500
b10 5
1+
#2929000
0+
#2929500
b11 5
1+
#2930000
0+
#2930500
b100 5
1+
#2931000
0+
#2931500
b101 5
1+
#2932000
0+
#2932500
1$
b0 5
1+
#2933000
0+
#2933500
0$
b1 5
b111 I
1+
#2934000
0+
#2934500
b10 5
1+
#2935000
0+
#2935500
b11 5
1+
#2936000
0+
#2936500
b100 5
1+
#2937000
0+
#2937500
b101 5
1+
#2938000
0+
#2938500
1$
b0 5
1+
#2939000
0+
#2939500
0$
b1 5
b1000 I
1+
#2940000
0+
#2940500
b10 5
1+
#2941000
0+
#2941500
b11 5
1+
#2942000
0+
#2942500
b100 5
1+
#2943000
0+
#2943500
b101 5
1+
#2944000
0+
#2944500
1$
b0 5
1+
#2945000
0+
#2945500
0$
b1 5
b1001 I
1+
#2946000
0+
#2946500
b10 5
1+
#2947000
0+
#2947500
b11 5
1+
#2948000
0+
#2948500
b100 5
1+
#2949000
0+
#2949500
b101 5
1+
#2950000
0+
#2950500
1$
b0 5
1+
#2951000
0+
#2951500
0$
b1 5
b1010 I
1+
#2952000
0+
#2952500
b10 5
1+
#2953000
0+
#2953500
b11 5
1+
#2954000
0+
#2954500
b100 5
1+
#2955000
0+
#2955500
b101 5
1+
#2956000
0+
#2956500
1$
b0 5
1+
#2957000
0+
#2957500
0$
b1 5
b1011 I
1+
#2958000
0+
#2958500
b10 5
1+
#2959000
0+
#2959500
b11 5
1+
#2960000
0+
#2960500
b100 5
1+
#2961000
0+
#2961500
b101 5
1+
#2962000
0+
#2962500
1$
b0 5
1+
#2963000
0+
#2963500
0$
b1 5
b1100 I
1+
#2964000
0+
#2964500
b10 5
1+
#2965000
0+
#2965500
b11 5
1+
#2966000
0+
#2966500
b100 5
1+
#2967000
0+
#2967500
b101 5
1+
#2968000
0+
#2968500
1$
b0 5
1+
#2969000
0+
#2969500
0$
b1 5
b1101 I
1+
#2970000
0+
#2970500
b10 5
1+
#2971000
0+
#2971500
b11 5
1+
#2972000
0+
#2972500
b100 5
1+
#2973000
0+
#2973500
b101 5
1+
#2974000
0+
#2974500
1$
b0 5
1+
#2975000
0+
#2975500
0$
b1 5
b1110 I
1+
#2976000
0+
#2976500
b10 5
1+
#2977000
0+
#2977500
b11 5
1+
#2978000
0+
#2978500
b100 5
1+
#2979000
0+
#2979500
b101 5
1+
#2980000
0+
#2980500
1$
b0 5
1+
#2981000
0+
#2981500
0$
b1 5
b1111 I
1+
#2982000
0+
#2982500
b10 5
1+
#2983000
0+
#2983500
b11 5
1+
#2984000
0+
#2984500
b100 5
1+
#2985000
0+
#2985500
b101 5
1+
#2986000
0+
#2986500
1$
b0 5
1+
#2987000
0+
#2987500
0$
b1 5
b10 K
b0 I
1+
#2988000
0+
#2988500
b10 5
1+
#2989000
0+
#2989500
b11 5
1+
#2990000
0+
#2990500
b100 5
1+
#2991000
0+
#2991500
b101 5
1+
#2992000
0+
#2992500
1$
b0 5
1+
#2993000
0+
#2993500
0$
b1 5
b1 I
1+
#2994000
0+
#2994500
b10 5
1+
#2995000
0+
#2995500
b11 5
1+
#2996000
0+
#2996500
b100 5
1+
#2997000
0+
#2997500
b101 5
1+
#2998000
0+
#2998500
1$
b0 5
1+
#2999000
0+
#2999500
0$
b1 5
b10 I
1+
#3000000
0+
#3000500
b10 5
1+
#3001000
0+
#3001500
b11 5
1+
#3002000
0+
#3002500
b100 5
1+
#3003000
0+
#3003500
b101 5
1+
#3004000
0+
#3004500
1$
b0 5
1+
#3005000
0+
#3005500
0$
b1 5
b11 I
1+
#3006000
0+
#3006500
b10 5
1+
#3007000
0+
#3007500
b11 5
1+
#3008000
0+
#3008500
b100 5
1+
#3009000
0+
#3009500
b101 5
1+
#3010000
0+
#3010500
1$
b0 5
1+
#3011000
0+
#3011500
0$
b1 5
b100 I
1+
#3012000
0+
#3012500
b10 5
1+
#3013000
0+
#3013500
b11 5
1+
#3014000
0+
#3014500
b100 5
1+
#3015000
0+
#3015500
b101 5
1+
#3016000
0+
#3016500
1$
b0 5
1+
#3017000
0+
#3017500
0$
b1 5
b101 I
1+
#3018000
0+
#3018500
b10 5
1+
#3019000
0+
#3019500
b11 5
1+
#3020000
0+
#3020500
b100 5
1+
#3021000
0+
#3021500
b101 5
1+
#3022000
0+
#3022500
1$
b0 5
1+
#3023000
0+
#3023500
0$
b1 5
b110 I
1+
#3024000
0+
#3024500
b10 5
1+
#3025000
0+
#3025500
b11 5
1+
#3026000
0+
#3026500
b100 5
1+
#3027000
0+
#3027500
b101 5
1+
#3028000
0+
#3028500
1$
b0 5
1+
#3029000
0+
#3029500
0$
b1 5
b111 I
1+
#3030000
0+
#3030500
b10 5
1+
#3031000
0+
#3031500
b11 5
1+
#3032000
0+
#3032500
b100 5
1+
#3033000
0+
#3033500
b101 5
1+
#3034000
0+
#3034500
1$
b0 5
1+
#3035000
0+
#3035500
0$
b1 5
b1000 I
1+
#3036000
0+
#3036500
b10 5
1+
#3037000
0+
#3037500
b11 5
1+
#3038000
0+
#3038500
b100 5
1+
#3039000
0+
#3039500
b101 5
1+
#3040000
0+
#3040500
1$
b0 5
1+
#3041000
0+
#3041500
0$
b1 5
b1001 I
1+
#3042000
0+
#3042500
b10 5
1+
#3043000
0+
#3043500
b11 5
1+
#3044000
0+
#3044500
b100 5
1+
#3045000
0+
#3045500
b101 5
1+
#3046000
0+
#3046500
1$
b0 5
1+
#3047000
0+
#3047500
0$
b1 5
b1010 I
1+
#3048000
0+
#3048500
b10 5
1+
#3049000
0+
#3049500
b11 5
1+
#3050000
0+
#3050500
b100 5
1+
#3051000
0+
#3051500
b101 5
1+
#3052000
0+
#3052500
1$
b0 5
1+
#3053000
0+
#3053500
0$
b1 5
b1011 I
1+
#3054000
0+
#3054500
b10 5
1+
#3055000
0+
#3055500
b11 5
1+
#3056000
0+
#3056500
b100 5
1+
#3057000
0+
#3057500
b101 5
1+
#3058000
0+
#3058500
1$
b0 5
1+
#3059000
0+
#3059500
0$
b1 5
b1100 I
1+
#3060000
0+
#3060500
b10 5
1+
#3061000
0+
#3061500
b11 5
1+
#3062000
0+
#3062500
b100 5
1+
#3063000
0+
#3063500
b101 5
1+
#3064000
0+
#3064500
1$
b0 5
1+
#3065000
0+
#3065500
0$
b1 5
b1101 I
1+
#3066000
0+
#3066500
b10 5
1+
#3067000
0+
#3067500
b11 5
1+
#3068000
0+
#3068500
b100 5
1+
#3069000
0+
#3069500
b101 5
1+
#3070000
0+
#3070500
1$
b0 5
1+
#3071000
0+
#3071500
0$
b1 5
b1110 I
1+
#3072000
0+
#3072500
b10 5
1+
#3073000
0+
#3073500
b11 5
1+
#3074000
0+
#3074500
b100 5
1+
#3075000
0+
#3075500
b101 5
1+
#3076000
0+
#3076500
1$
b0 5
1+
#3077000
0+
#3077500
0$
b1 5
b1111 I
1+
#3078000
0+
#3078500
b10 5
1+
#3079000
0+
#3079500
b11 5
1+
#3080000
0+
#3080500
b100 5
1+
#3081000
0+
#3081500
b101 5
1+
#3082000
0+
#3082500
1$
b0 5
1+
#3083000
0+
#3083500
0$
b1 5
b1 H
b0 I
1+
#3084000
0+
#3084500
b10 5
1+
#3085000
0+
#3085500
b11 5
1+
#3086000
0+
#3086500
b100 5
1+
#3087000
0+
#3087500
b101 5
1+
#3088000
0+
#3088500
1$
b0 5
1+
#3089000
0+
#3089500
0$
b1 5
b1 I
1+
#3090000
0+
#3090500
b10 5
1+
#3091000
0+
#3091500
b11 5
1+
#3092000
0+
#3092500
b100 5
1+
#3093000
0+
#3093500
b101 5
1+
#3094000
0+
#3094500
1$
b0 5
1+
#3095000
0+
#3095500
0$
b1 5
b10 I
1+
#3096000
0+
#3096500
b10 5
1+
#3097000
0+
#3097500
b11 5
1+
#3098000
0+
#3098500
b100 5
1+
#3099000
0+
#3099500
b101 5
1+
#3100000
0+
#3100500
1$
b0 5
1+
#3101000
0+
#3101500
0$
b1 5
b11 I
1+
#3102000
0+
#3102500
b10 5
1+
#3103000
0+
#3103500
b11 5
1+
#3104000
0+
#3104500
b100 5
1+
#3105000
0+
#3105500
b101 5
1+
#3106000
0+
#3106500
1$
b0 5
1+
#3107000
0+
#3107500
0$
b1 5
b100 I
1+
#3108000
0+
#3108500
b10 5
1+
#3109000
0+
#3109500
b11 5
1+
#3110000
0+
#3110500
b100 5
1+
#3111000
0+
#3111500
b101 5
1+
#3112000
0+
#3112500
1$
b0 5
1+
#3113000
0+
#3113500
0$
b1 5
b101 I
1+
#3114000
0+
#3114500
b10 5
1+
#3115000
0+
#3115500
b11 5
1+
#3116000
0+
#3116500
b100 5
1+
#3117000
0+
#3117500
b101 5
1+
#3118000
0+
#3118500
1$
b0 5
1+
#3119000
0+
#3119500
0$
b1 5
b110 I
1+
#3120000
0+
#3120500
b10 5
1+
#3121000
0+
#3121500
b11 5
1+
#3122000
0+
#3122500
b100 5
1+
#3123000
0+
#3123500
b101 5
1+
#3124000
0+
#3124500
1$
b0 5
1+
#3125000
0+
#3125500
0$
b1 5
b111 I
1+
#3126000
0+
#3126500
b10 5
1+
#3127000
0+
#3127500
b11 5
1+
#3128000
0+
#3128500
b100 5
1+
#3129000
0+
#3129500
b101 5
1+
#3130000
0+
#3130500
1$
b0 5
1+
#3131000
0+
#3131500
0$
b1 5
b1000 I
1+
#3132000
0+
#3132500
b10 5
1+
#3133000
0+
#3133500
b11 5
1+
#3134000
0+
#3134500
b100 5
1+
#3135000
0+
#3135500
b101 5
1+
#3136000
0+
#3136500
1$
b0 5
1+
#3137000
0+
#3137500
0$
b1 5
b1001 I
1+
#3138000
0+
#3138500
b10 5
1+
#3139000
0+
#3139500
b11 5
1+
#3140000
0+
#3140500
b100 5
1+
#3141000
0+
#3141500
b101 5
1+
#3142000
0+
#3142500
1$
b0 5
1+
#3143000
0+
#3143500
0$
b1 5
b1010 I
1+
#3144000
0+
#3144500
b10 5
1+
#3145000
0+
#3145500
b11 5
1+
#3146000
0+
#3146500
b100 5
1+
#3147000
0+
#3147500
b101 5
1+
#3148000
0+
#3148500
1$
b0 5
1+
#3149000
0+
#3149500
0$
b1 5
b1011 I
1+
#3150000
0+
#3150500
b10 5
1+
#3151000
0+
#3151500
b11 5
1+
#3152000
0+
#3152500
b100 5
1+
#3153000
0+
#3153500
b101 5
1+
#3154000
0+
#3154500
1$
b0 5
1+
#3155000
0+
#3155500
0$
b1 5
b1100 I
1+
#3156000
0+
#3156500
b10 5
1+
#3157000
0+
#3157500
b11 5
1+
#3158000
0+
#3158500
b100 5
1+
#3159000
0+
#3159500
b101 5
1+
#3160000
0+
#3160500
1$
b0 5
1+
#3161000
0+
#3161500
0$
b1 5
b1101 I
1+
#3162000
0+
#3162500
b10 5
1+
#3163000
0+
#3163500
b11 5
1+
#3164000
0+
#3164500
b100 5
1+
#3165000
0+
#3165500
b101 5
1+
#3166000
0+
#3166500
1$
b0 5
1+
#3167000
0+
#3167500
0$
b1 5
b1110 I
1+
#3168000
0+
#3168500
b10 5
1+
#3169000
0+
#3169500
b11 5
1+
#3170000
0+
#3170500
b100 5
1+
#3171000
0+
#3171500
b101 5
1+
#3172000
0+
#3172500
1$
b0 5
1+
#3173000
0+
#3173500
0$
b1 5
b1111 I
1+
#3174000
0+
#3174500
b10 5
1+
#3175000
0+
#3175500
b11 5
1+
#3176000
0+
#3176500
b100 5
1+
#3177000
0+
#3177500
b101 5
1+
#3178000
0+
#3178500
1$
b0 5
1+
#3179000
0+
#3179500
0$
b1 5
b10 H
b0 I
1+
#3180000
0+
#3180500
b10 5
1+
#3181000
0+
#3181500
b11 5
1+
#3182000
0+
#3182500
b100 5
1+
#3183000
0+
#3183500
b101 5
1+
#3184000
0+
#3184500
1$
b0 5
1+
#3185000
0+
#3185500
0$
b1 5
b1 I
1+
#3186000
0+
#3186500
b10 5
1+
#3187000
0+
#3187500
b11 5
1+
#3188000
0+
#3188500
b100 5
1+
#3189000
0+
#3189500
b101 5
1+
#3190000
0+
#3190500
1$
b0 5
1+
#3191000
0+
#3191500
0$
b1 5
b10 I
1+
#3192000
0+
#3192500
b10 5
1+
#3193000
0+
#3193500
b11 5
1+
#3194000
0+
#3194500
b100 5
1+
#3195000
0+
#3195500
b101 5
1+
#3196000
0+
#3196500
1$
b0 5
1+
#3197000
0+
#3197500
0$
b1 5
b11 I
1+
#3198000
0+
#3198500
b10 5
1+
#3199000
0+
#3199500
b11 5
1+
#3200000
0+
#3200500
b100 5
1+
#3201000
0+
#3201500
b101 5
1+
#3202000
0+
#3202500
1$
b0 5
1+
#3203000
0+
#3203500
0$
b1 5
b100 I
1+
#3204000
0+
#3204500
b10 5
1+
#3205000
0+
#3205500
b11 5
1+
#3206000
0+
#3206500
b100 5
1+
#3207000
0+
#3207500
b101 5
1+
#3208000
0+
#3208500
1$
b0 5
1+
#3209000
0+
#3209500
0$
b1 5
b101 I
1+
#3210000
0+
#3210500
b10 5
1+
#3211000
0+
#3211500
b11 5
1+
#3212000
0+
#3212500
b100 5
1+
#3213000
0+
#3213500
b101 5
1+
#3214000
0+
#3214500
1$
b0 5
1+
#3215000
0+
#3215500
0$
b1 5
b110 I
1+
#3216000
0+
#3216500
b10 5
1+
#3217000
0+
#3217500
b11 5
1+
#3218000
0+
#3218500
b100 5
1+
#3219000
0+
#3219500
b101 5
1+
#3220000
0+
#3220500
1$
b0 5
1+
#3221000
0+
#3221500
0$
b1 5
b111 I
1+
#3222000
0+
#3222500
b10 5
1+
#3223000
0+
#3223500
b11 5
1+
#3224000
0+
#3224500
b100 5
1+
#3225000
0+
#3225500
b101 5
1+
#3226000
0+
#3226500
1$
b0 5
1+
#3227000
0+
#3227500
0$
b1 5
b1000 I
1+
#3228000
0+
#3228500
b10 5
1+
#3229000
0+
#3229500
b11 5
1+
#3230000
0+
#3230500
b100 5
1+
#3231000
0+
#3231500
b101 5
1+
#3232000
0+
#3232500
1$
b0 5
1+
#3233000
0+
#3233500
0$
b1 5
b1001 I
1+
#3234000
0+
#3234500
b10 5
1+
#3235000
0+
#3235500
b11 5
1+
#3236000
0+
#3236500
b100 5
1+
#3237000
0+
#3237500
b101 5
1+
#3238000
0+
#3238500
1$
b0 5
1+
#3239000
0+
#3239500
0$
b1 5
b1010 I
1+
#3240000
0+
#3240500
b10 5
1+
#3241000
0+
#3241500
b11 5
1+
#3242000
0+
#3242500
b100 5
1+
#3243000
0+
#3243500
b101 5
1+
#3244000
0+
#3244500
1$
b0 5
1+
#3245000
0+
#3245500
0$
b1 5
b1011 I
1+
#3246000
0+
#3246500
b10 5
1+
#3247000
0+
#3247500
b11 5
1+
#3248000
0+
#3248500
b100 5
1+
#3249000
0+
#3249500
b101 5
1+
#3250000
0+
#3250500
1$
b0 5
1+
#3251000
0+
#3251500
0$
b1 5
b1100 I
1+
#3252000
0+
#3252500
b10 5
1+
#3253000
0+
#3253500
b11 5
1+
#3254000
0+
#3254500
b100 5
1+
#3255000
0+
#3255500
b101 5
1+
#3256000
0+
#3256500
1$
b0 5
1+
#3257000
0+
#3257500
0$
b1 5
b1101 I
1+
#3258000
0+
#3258500
b10 5
1+
#3259000
0+
#3259500
b11 5
1+
#3260000
0+
#3260500
b100 5
1+
#3261000
0+
#3261500
b101 5
1+
#3262000
0+
#3262500
1$
b0 5
1+
#3263000
0+
#3263500
0$
b1 5
b1110 I
1+
#3264000
0+
#3264500
b10 5
1+
#3265000
0+
#3265500
b11 5
1+
#3266000
0+
#3266500
b100 5
1+
#3267000
0+
#3267500
b101 5
1+
#3268000
0+
#3268500
1$
b0 5
1+
#3269000
0+
#3269500
0$
b1 5
b1111 I
1+
#3270000
0+
#3270500
b10 5
1+
#3271000
0+
#3271500
b11 5
1+
#3272000
0+
#3272500
b100 5
1+
#3273000
0+
#3273500
b101 5
1+
#3274000
0+
#3274500
1$
b0 5
1+
#3275000
0+
#3275500
0$
b1 5
b11 H
b0 I
1+
#3276000
0+
#3276500
b10 5
1+
#3277000
0+
#3277500
b11 5
1+
#3278000
0+
#3278500
b100 5
1+
#3279000
0+
#3279500
b101 5
1+
#3280000
0+
#3280500
1$
b0 5
1+
#3281000
0+
#3281500
0$
b1 5
b1 I
1+
#3282000
0+
#3282500
b10 5
1+
#3283000
0+
#3283500
b11 5
1+
#3284000
0+
#3284500
b100 5
1+
#3285000
0+
#3285500
b101 5
1+
#3286000
0+
#3286500
1$
b0 5
1+
#3287000
0+
#3287500
0$
b1 5
b10 I
1+
#3288000
0+
#3288500
b10 5
1+
#3289000
0+
#3289500
b11 5
1+
#3290000
0+
#3290500
b100 5
1+
#3291000
0+
#3291500
b101 5
1+
#3292000
0+
#3292500
1$
b0 5
1+
#3293000
0+
#3293500
0$
b1 5
b11 I
1+
#3294000
0+
#3294500
b10 5
1+
#3295000
0+
#3295500
b11 5
1+
#3296000
0+
#3296500
b100 5
1+
#3297000
0+
#3297500
b101 5
1+
#3298000
0+
#3298500
1$
b0 5
1+
#3299000
0+
#3299500
0$
b1 5
b100 I
1+
#3300000
0+
#3300500
b10 5
1+
#3301000
0+
#3301500
b11 5
1+
#3302000
0+
#3302500
b100 5
1+
#3303000
0+
#3303500
b101 5
1+
#3304000
0+
#3304500
1$
b0 5
1+
#3305000
0+
#3305500
0$
b1 5
b101 I
1+
#3306000
0+
#3306500
b10 5
1+
#3307000
0+
#3307500
b11 5
1+
#3308000
0+
#3308500
b100 5
1+
#3309000
0+
#3309500
b101 5
1+
#3310000
0+
#3310500
1$
b0 5
1+
#3311000
0+
#3311500
0$
b1 5
b110 I
1+
#3312000
0+
#3312500
b10 5
1+
#3313000
0+
#3313500
b11 5
1+
#3314000
0+
#3314500
b100 5
1+
#3315000
0+
#3315500
b101 5
1+
#3316000
0+
#3316500
1$
b0 5
1+
#3317000
0+
#3317500
0$
b1 5
b111 I
1+
#3318000
0+
#3318500
b10 5
1+
#3319000
0+
#3319500
b11 5
1+
#3320000
0+
#3320500
b100 5
1+
#3321000
0+
#3321500
b101 5
1+
#3322000
0+
#3322500
1$
b0 5
1+
#3323000
0+
#3323500
0$
b1 5
b1000 I
1+
#3324000
0+
#3324500
b10 5
1+
#3325000
0+
#3325500
b11 5
1+
#3326000
0+
#3326500
b100 5
1+
#3327000
0+
#3327500
b101 5
1+
#3328000
0+
#3328500
1$
b0 5
1+
#3329000
0+
#3329500
0$
b1 5
b1001 I
1+
#3330000
0+
#3330500
b10 5
1+
#3331000
0+
#3331500
b11 5
1+
#3332000
0+
#3332500
b100 5
1+
#3333000
0+
#3333500
b101 5
1+
#3334000
0+
#3334500
1$
b0 5
1+
#3335000
0+
#3335500
0$
b1 5
b1010 I
1+
#3336000
0+
#3336500
b10 5
1+
#3337000
0+
#3337500
b11 5
1+
#3338000
0+
#3338500
b100 5
1+
#3339000
0+
#3339500
b101 5
1+
#3340000
0+
#3340500
1$
b0 5
1+
#3341000
0+
#3341500
0$
b1 5
b1011 I
1+
#3342000
0+
#3342500
b10 5
1+
#3343000
0+
#3343500
b11 5
1+
#3344000
0+
#3344500
b100 5
1+
#3345000
0+
#3345500
b101 5
1+
#3346000
0+
#3346500
1$
b0 5
1+
#3347000
0+
#3347500
0$
b1 5
b1100 I
1+
#3348000
0+
#3348500
b10 5
1+
#3349000
0+
#3349500
b11 5
1+
#3350000
0+
#3350500
b100 5
1+
#3351000
0+
#3351500
b101 5
1+
#3352000
0+
#3352500
1$
b0 5
1+
#3353000
0+
#3353500
0$
b1 5
b1101 I
1+
#3354000
0+
#3354500
b10 5
1+
#3355000
0+
#3355500
b11 5
1+
#3356000
0+
#3356500
b100 5
1+
#3357000
0+
#3357500
b101 5
1+
#3358000
0+
#3358500
1$
b0 5
1+
#3359000
0+
#3359500
0$
b1 5
b1110 I
1+
#3360000
0+
#3360500
b10 5
1+
#3361000
0+
#3361500
b11 5
1+
#3362000
0+
#3362500
b100 5
1+
#3363000
0+
#3363500
b101 5
1+
#3364000
0+
#3364500
1$
b0 5
1+
#3365000
0+
#3365500
0$
b1 5
b1111 I
1+
#3366000
0+
#3366500
b10 5
1+
#3367000
0+
#3367500
b11 5
1+
#3368000
0+
#3368500
b100 5
1+
#3369000
0+
#3369500
b101 5
1+
#3370000
0+
#3370500
1$
b0 5
1+
#3371000
0+
#3371500
0$
b1 5
b100 H
b0 I
1+
#3372000
0+
#3372500
b10 5
1+
#3373000
0+
#3373500
b11 5
1+
#3374000
0+
#3374500
b100 5
1+
#3375000
0+
#3375500
b101 5
1+
#3376000
0+
#3376500
1$
b0 5
1+
#3377000
0+
#3377500
0$
b1 5
b1 I
1+
#3378000
0+
#3378500
b10 5
1+
#3379000
0+
#3379500
b11 5
1+
#3380000
0+
#3380500
b100 5
1+
#3381000
0+
#3381500
b101 5
1+
#3382000
0+
#3382500
1$
b0 5
1+
#3383000
0+
#3383500
0$
b1 5
b10 I
1+
#3384000
0+
#3384500
b10 5
1+
#3385000
0+
#3385500
b11 5
1+
#3386000
0+
#3386500
b100 5
1+
#3387000
0+
#3387500
b101 5
1+
#3388000
0+
#3388500
1$
b0 5
1+
#3389000
0+
#3389500
0$
b1 5
b11 I
1+
#3390000
0+
#3390500
b10 5
1+
#3391000
0+
#3391500
b11 5
1+
#3392000
0+
#3392500
b100 5
1+
#3393000
0+
#3393500
b101 5
1+
#3394000
0+
#3394500
1$
b0 5
1+
#3395000
0+
#3395500
0$
b1 5
b100 I
1+
#3396000
0+
#3396500
b10 5
1+
#3397000
0+
#3397500
b11 5
1+
#3398000
0+
#3398500
b100 5
1+
#3399000
0+
#3399500
b101 5
1+
#3400000
0+
#3400500
1$
b0 5
1+
#3401000
0+
#3401500
0$
b1 5
b101 I
1+
#3402000
0+
#3402500
b10 5
1+
#3403000
0+
#3403500
b11 5
1+
#3404000
0+
#3404500
b100 5
1+
#3405000
0+
#3405500
b101 5
1+
#3406000
0+
#3406500
1$
b0 5
1+
#3407000
0+
#3407500
0$
b1 5
b110 I
1+
#3408000
0+
#3408500
b10 5
1+
#3409000
0+
#3409500
b11 5
1+
#3410000
0+
#3410500
b100 5
1+
#3411000
0+
#3411500
b101 5
1+
#3412000
0+
#3412500
1$
b0 5
1+
#3413000
0+
#3413500
0$
b1 5
b111 I
1+
#3414000
0+
#3414500
b10 5
1+
#3415000
0+
#3415500
b11 5
1+
#3416000
0+
#3416500
b100 5
1+
#3417000
0+
#3417500
b101 5
1+
#3418000
0+
#3418500
1$
b0 5
1+
#3419000
0+
#3419500
0$
b1 5
b1000 I
1+
#3420000
0+
#3420500
b10 5
1+
#3421000
0+
#3421500
b11 5
1+
#3422000
0+
#3422500
b100 5
1+
#3423000
0+
#3423500
b101 5
1+
#3424000
0+
#3424500
1$
b0 5
1+
#3425000
0+
#3425500
0$
b1 5
b1001 I
1+
#3426000
0+
#3426500
b10 5
1+
#3427000
0+
#3427500
b11 5
1+
#3428000
0+
#3428500
b100 5
1+
#3429000
0+
#3429500
b101 5
1+
#3430000
0+
#3430500
1$
b0 5
1+
#3431000
0+
#3431500
0$
b1 5
b1010 I
1+
#3432000
0+
#3432500
b10 5
1+
#3433000
0+
#3433500
b11 5
1+
#3434000
0+
#3434500
b100 5
1+
#3435000
0+
#3435500
b101 5
1+
#3436000
0+
#3436500
1$
b0 5
1+
#3437000
0+
#3437500
0$
b1 5
b1011 I
1+
#3438000
0+
#3438500
b10 5
1+
#3439000
0+
#3439500
b11 5
1+
#3440000
0+
#3440500
b100 5
1+
#3441000
0+
#3441500
b101 5
1+
#3442000
0+
#3442500
1$
b0 5
1+
#3443000
0+
#3443500
0$
b1 5
b1100 I
1+
#3444000
0+
#3444500
b10 5
1+
#3445000
0+
#3445500
b11 5
1+
#3446000
0+
#3446500
b100 5
1+
#3447000
0+
#3447500
b101 5
1+
#3448000
0+
#3448500
1$
b0 5
1+
#3449000
0+
#3449500
0$
b1 5
b1101 I
1+
#3450000
0+
#3450500
b10 5
1+
#3451000
0+
#3451500
b11 5
1+
#3452000
0+
#3452500
b100 5
1+
#3453000
0+
#3453500
b101 5
1+
#3454000
0+
#3454500
1$
b0 5
1+
#3455000
0+
#3455500
0$
b1 5
b1110 I
1+
#3456000
0+
#3456500
b10 5
1+
#3457000
0+
#3457500
b11 5
1+
#3458000
0+
#3458500
b100 5
1+
#3459000
0+
#3459500
b101 5
1+
#3460000
0+
#3460500
1$
b0 5
1+
#3461000
0+
#3461500
0$
b1 5
b1111 I
1+
#3462000
0+
#3462500
b10 5
1+
#3463000
0+
#3463500
b11 5
1+
#3464000
0+
#3464500
b100 5
1+
#3465000
0+
#3465500
b101 5
1+
#3466000
0+
#3466500
1$
b0 5
1+
#3467000
0+
#3467500
0$
b1 5
b101 H
b0 I
1+
#3468000
0+
#3468500
b10 5
1+
#3469000
0+
#3469500
b11 5
1+
#3470000
0+
#3470500
b100 5
1+
#3471000
0+
#3471500
b101 5
1+
#3472000
0+
#3472500
1$
b0 5
1+
#3473000
0+
#3473500
0$
b1 5
b1 I
1+
#3474000
0+
#3474500
b10 5
1+
#3475000
0+
#3475500
b11 5
1+
#3476000
0+
#3476500
b100 5
1+
#3477000
0+
#3477500
b101 5
1+
#3478000
0+
#3478500
1$
b0 5
1+
#3479000
0+
#3479500
0$
b1 5
b10 I
1+
#3480000
0+
#3480500
b10 5
1+
#3481000
0+
#3481500
b11 5
1+
#3482000
0+
#3482500
b100 5
1+
#3483000
0+
#3483500
b101 5
1+
#3484000
0+
#3484500
1$
b0 5
1+
#3485000
0+
#3485500
0$
b1 5
b11 I
1+
#3486000
0+
#3486500
b10 5
1+
#3487000
0+
#3487500
b11 5
1+
#3488000
0+
#3488500
b100 5
1+
#3489000
0+
#3489500
b101 5
1+
#3490000
0+
#3490500
1$
b0 5
1+
#3491000
0+
#3491500
0$
b1 5
b100 I
1+
#3492000
0+
#3492500
b10 5
1+
#3493000
0+
#3493500
b11 5
1+
#3494000
0+
#3494500
b100 5
1+
#3495000
0+
#3495500
b101 5
1+
#3496000
0+
#3496500
1$
b0 5
1+
#3497000
0+
#3497500
0$
b1 5
b101 I
1+
#3498000
0+
#3498500
b10 5
1+
#3499000
0+
#3499500
b11 5
1+
#3500000
0+
#3500500
b100 5
1+
#3501000
0+
#3501500
b101 5
1+
#3502000
0+
#3502500
1$
b0 5
1+
#3503000
0+
#3503500
0$
b1 5
b110 I
1+
#3504000
0+
#3504500
b10 5
1+
#3505000
0+
#3505500
b11 5
1+
#3506000
0+
#3506500
b100 5
1+
#3507000
0+
#3507500
b101 5
1+
#3508000
0+
#3508500
1$
b0 5
1+
#3509000
0+
#3509500
0$
b1 5
b111 I
1+
#3510000
0+
#3510500
b10 5
1+
#3511000
0+
#3511500
b11 5
1+
#3512000
0+
#3512500
b100 5
1+
#3513000
0+
#3513500
b101 5
1+
#3514000
0+
#3514500
1$
b0 5
1+
#3515000
0+
#3515500
0$
b1 5
b1000 I
1+
#3516000
0+
#3516500
b10 5
1+
#3517000
0+
#3517500
b11 5
1+
#3518000
0+
#3518500
b100 5
1+
#3519000
0+
#3519500
b101 5
1+
#3520000
0+
#3520500
1$
b0 5
1+
#3521000
0+
#3521500
0$
b1 5
b1001 I
1+
#3522000
0+
#3522500
b10 5
1+
#3523000
0+
#3523500
b11 5
1+
#3524000
0+
#3524500
b100 5
1+
#3525000
0+
#3525500
b101 5
1+
#3526000
0+
#3526500
1$
b0 5
1+
#3527000
0+
#3527500
0$
b1 5
b1010 I
1+
#3528000
0+
#3528500
b10 5
1+
#3529000
0+
#3529500
b11 5
1+
#3530000
0+
#3530500
b100 5
1+
#3531000
0+
#3531500
b101 5
1+
#3532000
0+
#3532500
1$
b0 5
1+
#3533000
0+
#3533500
0$
b1 5
b1011 I
1+
#3534000
0+
#3534500
b10 5
1+
#3535000
0+
#3535500
b11 5
1+
#3536000
0+
#3536500
b100 5
1+
#3537000
0+
#3537500
b101 5
1+
#3538000
0+
#3538500
1$
b0 5
1+
#3539000
0+
#3539500
0$
b1 5
b1100 I
1+
#3540000
0+
#3540500
b10 5
1+
#3541000
0+
#3541500
b11 5
1+
#3542000
0+
#3542500
b100 5
1+
#3543000
0+
#3543500
b101 5
1+
#3544000
0+
#3544500
1$
b0 5
1+
#3545000
0+
#3545500
0$
b1 5
b1101 I
1+
#3546000
0+
#3546500
b10 5
1+
#3547000
0+
#3547500
b11 5
1+
#3548000
0+
#3548500
b100 5
1+
#3549000
0+
#3549500
b101 5
1+
#3550000
0+
#3550500
1$
b0 5
1+
#3551000
0+
#3551500
0$
b1 5
b1110 I
1+
#3552000
0+
#3552500
b10 5
1+
#3553000
0+
#3553500
b11 5
1+
#3554000
0+
#3554500
b100 5
1+
#3555000
0+
#3555500
b101 5
1+
#3556000
0+
#3556500
1$
b0 5
1+
#3557000
0+
#3557500
0$
b1 5
b1111 I
1+
#3558000
0+
#3558500
b10 5
1+
#3559000
0+
#3559500
b11 5
1+
#3560000
0+
#3560500
b100 5
1+
#3561000
0+
#3561500
b101 5
1+
#3562000
0+
#3562500
1$
b0 5
1+
#3563000
0+
#3563500
0$
b1 5
b110 H
b0 I
1+
#3564000
0+
#3564500
b10 5
1+
#3565000
0+
#3565500
b11 5
1+
#3566000
0+
#3566500
b100 5
1+
#3567000
0+
#3567500
b101 5
1+
#3568000
0+
#3568500
1$
b0 5
1+
#3569000
0+
#3569500
0$
b1 5
b1 I
1+
#3570000
0+
#3570500
b10 5
1+
#3571000
0+
#3571500
b11 5
1+
#3572000
0+
#3572500
b100 5
1+
#3573000
0+
#3573500
b101 5
1+
#3574000
0+
#3574500
1$
b0 5
1+
#3575000
0+
#3575500
0$
b1 5
b10 I
1+
#3576000
0+
#3576500
b10 5
1+
#3577000
0+
#3577500
b11 5
1+
#3578000
0+
#3578500
b100 5
1+
#3579000
0+
#3579500
b101 5
1+
#3580000
0+
#3580500
1$
b0 5
1+
#3581000
0+
#3581500
0$
b1 5
b11 I
1+
#3582000
0+
#3582500
b10 5
1+
#3583000
0+
#3583500
b11 5
1+
#3584000
0+
#3584500
b100 5
1+
#3585000
0+
#3585500
b101 5
1+
#3586000
0+
#3586500
1$
b0 5
1+
#3587000
0+
#3587500
0$
b1 5
b100 I
1+
#3588000
0+
#3588500
b10 5
1+
#3589000
0+
#3589500
b11 5
1+
#3590000
0+
#3590500
b100 5
1+
#3591000
0+
#3591500
b101 5
1+
#3592000
0+
#3592500
1$
b0 5
1+
#3593000
0+
#3593500
0$
b1 5
b101 I
1+
#3594000
0+
#3594500
b10 5
1+
#3595000
0+
#3595500
b11 5
1+
#3596000
0+
#3596500
b100 5
1+
#3597000
0+
#3597500
b101 5
1+
#3598000
0+
#3598500
1$
b0 5
1+
#3599000
0+
#3599500
0$
b1 5
b110 I
1+
#3600000
0+
#3600500
b10 5
1+
#3601000
0+
#3601500
b11 5
1+
#3602000
0+
#3602500
b100 5
1+
#3603000
0+
#3603500
b101 5
1+
#3604000
0+
#3604500
1$
b0 5
1+
#3605000
0+
#3605500
0$
b1 5
b111 I
1+
#3606000
0+
#3606500
b10 5
1+
#3607000
0+
#3607500
b11 5
1+
#3608000
0+
#3608500
b100 5
1+
#3609000
0+
#3609500
b101 5
1+
#3610000
0+
#3610500
1$
b0 5
1+
#3611000
0+
#3611500
0$
b1 5
b1000 I
1+
#3612000
0+
#3612500
b10 5
1+
#3613000
0+
#3613500
b11 5
1+
#3614000
0+
#3614500
b100 5
1+
#3615000
0+
#3615500
b101 5
1+
#3616000
0+
#3616500
1$
b0 5
1+
#3617000
0+
#3617500
0$
b1 5
b1001 I
1+
#3618000
0+
#3618500
b10 5
1+
#3619000
0+
#3619500
b11 5
1+
#3620000
0+
#3620500
b100 5
1+
#3621000
0+
#3621500
b101 5
1+
#3622000
0+
#3622500
1$
b0 5
1+
#3623000
0+
#3623500
0$
b1 5
b1010 I
1+
#3624000
0+
#3624500
b10 5
1+
#3625000
0+
#3625500
b11 5
1+
#3626000
0+
#3626500
b100 5
1+
#3627000
0+
#3627500
b101 5
1+
#3628000
0+
#3628500
1$
b0 5
1+
#3629000
0+
#3629500
0$
b1 5
b1011 I
1+
#3630000
0+
#3630500
b10 5
1+
#3631000
0+
#3631500
b11 5
1+
#3632000
0+
#3632500
b100 5
1+
#3633000
0+
#3633500
b101 5
1+
#3634000
0+
#3634500
1$
b0 5
1+
#3635000
0+
#3635500
0$
b1 5
b1100 I
1+
#3636000
0+
#3636500
b10 5
1+
#3637000
0+
#3637500
b11 5
1+
#3638000
0+
#3638500
b100 5
1+
#3639000
0+
#3639500
b101 5
1+
#3640000
0+
#3640500
1$
b0 5
1+
#3641000
0+
#3641500
0$
b1 5
b1101 I
1+
#3642000
0+
#3642500
b10 5
1+
#3643000
0+
#3643500
b11 5
1+
#3644000
0+
#3644500
b100 5
1+
#3645000
0+
#3645500
b101 5
1+
#3646000
0+
#3646500
1$
b0 5
1+
#3647000
0+
#3647500
0$
b1 5
b1110 I
1+
#3648000
0+
#3648500
b10 5
1+
#3649000
0+
#3649500
b11 5
1+
#3650000
0+
#3650500
b100 5
1+
#3651000
0+
#3651500
b101 5
1+
#3652000
0+
#3652500
1$
b0 5
1+
#3653000
0+
#3653500
0$
b1 5
b1111 I
1+
#3654000
0+
#3654500
b10 5
1+
#3655000
0+
#3655500
b11 5
1+
#3656000
0+
#3656500
b100 5
1+
#3657000
0+
#3657500
b101 5
1+
#3658000
0+
#3658500
1$
b0 5
1+
#3659000
0+
#3659500
0$
b1 5
b111 H
b0 I
1+
#3660000
0+
#3660500
b10 5
1+
#3661000
0+
#3661500
b11 5
1+
#3662000
0+
#3662500
b100 5
1+
#3663000
0+
#3663500
b101 5
1+
#3664000
0+
#3664500
1$
b0 5
1+
#3665000
0+
#3665500
0$
b1 5
b1 I
1+
#3666000
0+
#3666500
b10 5
1+
#3667000
0+
#3667500
b11 5
1+
#3668000
0+
#3668500
b100 5
1+
#3669000
0+
#3669500
b101 5
1+
#3670000
0+
#3670500
1$
b0 5
1+
#3671000
0+
#3671500
0$
b1 5
b10 I
1+
#3672000
0+
#3672500
b10 5
1+
#3673000
0+
#3673500
b11 5
1+
#3674000
0+
#3674500
b100 5
1+
#3675000
0+
#3675500
b101 5
1+
#3676000
0+
#3676500
1$
b0 5
1+
#3677000
0+
#3677500
0$
b1 5
b11 I
1+
#3678000
0+
#3678500
b10 5
1+
#3679000
0+
#3679500
b11 5
1+
#3680000
0+
#3680500
b100 5
1+
#3681000
0+
#3681500
b101 5
1+
#3682000
0+
#3682500
1$
b0 5
1+
#3683000
0+
#3683500
0$
b1 5
b100 I
1+
#3684000
0+
#3684500
b10 5
1+
#3685000
0+
#3685500
b11 5
1+
#3686000
0+
#3686500
b100 5
1+
#3687000
0+
#3687500
b101 5
1+
#3688000
0+
#3688500
1$
b0 5
1+
#3689000
0+
#3689500
0$
b1 5
b101 I
1+
#3690000
0+
#3690500
b10 5
1+
#3691000
0+
#3691500
b11 5
1+
#3692000
0+
#3692500
b100 5
1+
#3693000
0+
#3693500
b101 5
1+
#3694000
0+
#3694500
1$
b0 5
1+
#3695000
0+
#3695500
0$
b1 5
b110 I
1+
#3696000
0+
#3696500
b10 5
1+
#3697000
0+
#3697500
b11 5
1+
#3698000
0+
#3698500
b100 5
1+
#3699000
0+
#3699500
b101 5
1+
#3700000
0+
#3700500
1$
b0 5
1+
#3701000
0+
#3701500
0$
b1 5
b111 I
1+
#3702000
0+
#3702500
b10 5
1+
#3703000
0+
#3703500
b11 5
1+
#3704000
0+
#3704500
b100 5
1+
#3705000
0+
#3705500
b101 5
1+
#3706000
0+
#3706500
1$
b0 5
1+
#3707000
0+
#3707500
0$
b1 5
b1000 I
1+
#3708000
0+
#3708500
b10 5
1+
#3709000
0+
#3709500
b11 5
1+
#3710000
0+
#3710500
b100 5
1+
#3711000
0+
#3711500
b101 5
1+
#3712000
0+
#3712500
1$
b0 5
1+
#3713000
0+
#3713500
0$
b1 5
b1001 I
1+
#3714000
0+
#3714500
b10 5
1+
#3715000
0+
#3715500
b11 5
1+
#3716000
0+
#3716500
b100 5
1+
#3717000
0+
#3717500
b101 5
1+
#3718000
0+
#3718500
1$
b0 5
1+
#3719000
0+
#3719500
0$
b1 5
b1010 I
1+
#3720000
0+
#3720500
b10 5
1+
#3721000
0+
#3721500
b11 5
1+
#3722000
0+
#3722500
b100 5
1+
#3723000
0+
#3723500
b101 5
1+
#3724000
0+
#3724500
1$
b0 5
1+
#3725000
0+
#3725500
0$
b1 5
b1011 I
1+
#3726000
0+
#3726500
b10 5
1+
#3727000
0+
#3727500
b11 5
1+
#3728000
0+
#3728500
b100 5
1+
#3729000
0+
#3729500
b101 5
1+
#3730000
0+
#3730500
1$
b0 5
1+
#3731000
0+
#3731500
0$
b1 5
b1100 I
1+
#3732000
0+
#3732500
b10 5
1+
#3733000
0+
#3733500
b11 5
1+
#3734000
0+
#3734500
b100 5
1+
#3735000
0+
#3735500
b101 5
1+
#3736000
0+
#3736500
1$
b0 5
1+
#3737000
0+
#3737500
0$
b1 5
b1101 I
1+
#3738000
0+
#3738500
b10 5
1+
#3739000
0+
#3739500
b11 5
1+
#3740000
0+
#3740500
b100 5
1+
#3741000
0+
#3741500
b101 5
1+
#3742000
0+
#3742500
1$
b0 5
1+
#3743000
0+
#3743500
0$
b1 5
b1110 I
1+
#3744000
0+
#3744500
b10 5
1+
#3745000
0+
#3745500
b11 5
1+
#3746000
0+
#3746500
b100 5
1+
#3747000
0+
#3747500
b101 5
1+
#3748000
0+
#3748500
1$
b0 5
1+
#3749000
0+
#3749500
0$
b1 5
b1111 I
1+
#3750000
0+
#3750500
b10 5
1+
#3751000
0+
#3751500
b11 5
1+
#3752000
0+
#3752500
b100 5
1+
#3753000
0+
#3753500
b101 5
1+
#3754000
0+
#3754500
1$
b0 5
1+
#3755000
0+
#3755500
0$
b1 5
b11 K
b0 H
b0 I
1+
#3756000
0+
#3756500
1!
b10 5
1+
#3757000
0+
#3757500
b11 5
1+
#3758000
0+
#3758500
b100 5
1+
#3759000
0+
#3759500
b101 5
1+
#3760000
0+
#3760500
1$
b0 5
1+
#3761000
0+
#3761500
0$
b1 5
b1 I
1+
#3762000
0+
#3762500
b10 5
1+
#3763000
0+
#3763500
b11 5
1+
#3764000
0+
#3764500
b100 5
1+
#3765000
0+
#3765500
b101 5
1+
#3766000
0+
#3766500
1$
b0 5
1+
#3767000
0+
#3767500
0$
b1 5
b10 I
1+
#3768000
0+
#3768500
b10 5
1+
#3769000
0+
#3769500
b11 5
1+
#3770000
0+
#3770500
b100 5
1+
#3771000
0+
#3771500
b101 5
1+
#3772000
0+
#3772500
1$
b0 5
1+
#3773000
0+
#3773500
0$
b1 5
b11 I
1+
#3774000
0+
#3774500
b10 5
1+
#3775000
0+
#3775500
b11 5
1+
#3776000
0+
#3776500
b100 5
1+
#3777000
0+
#3777500
b101 5
1+
#3778000
0+
#3778500
1$
b0 5
1+
#3779000
0+
#3779500
0$
b1 5
b100 I
1+
#3780000
0+
#3780500
b10 5
1+
#3781000
0+
#3781500
b11 5
1+
#3782000
0+
#3782500
b100 5
1+
#3783000
0+
#3783500
b101 5
1+
#3784000
0+
#3784500
1$
b0 5
1+
#3785000
0+
#3785500
0$
b1 5
b101 I
1+
#3786000
0+
#3786500
b10 5
1+
#3787000
0+
#3787500
b11 5
1+
#3788000
0+
#3788500
b100 5
1+
#3789000
0+
#3789500
b101 5
1+
#3790000
0+
#3790500
1$
b0 5
1+
#3791000
0+
#3791500
0$
b1 5
b110 I
1+
#3792000
0+
#3792500
b10 5
1+
#3793000
0+
#3793500
b11 5
1+
#3794000
0+
#3794500
b100 5
1+
#3795000
0+
#3795500
b101 5
1+
#3796000
0+
#3796500
1$
b0 5
1+
#3797000
0+
#3797500
0$
b1 5
b111 I
1+
#3798000
0+
#3798500
b10 5
1+
#3799000
0+
#3799500
b11 5
1+
#3800000
0+
#3800500
b100 5
1+
#3801000
0+
#3801500
b101 5
1+
#3802000
0+
#3802500
1$
b0 5
1+
#3803000
0+
#3803500
0$
b1 5
b1000 I
1+
#3804000
0+
#3804500
b10 5
1+
#3805000
0+
#3805500
b11 5
1+
#3806000
0+
#3806500
b100 5
1+
#3807000
0+
#3807500
b101 5
1+
#3808000
0+
#3808500
1$
b0 5
1+
#3809000
0+
#3809500
0$
b1 5
b1001 I
1+
#3810000
0+
#3810500
b10 5
1+
#3811000
0+
#3811500
b11 5
1+
#3812000
0+
#3812500
b100 5
1+
#3813000
0+
#3813500
b101 5
1+
#3814000
0+
#3814500
1$
b0 5
1+
#3815000
0+
#3815500
0$
b1 5
b1010 I
1+
#3816000
0+
#3816500
b10 5
1+
#3817000
0+
#3817500
b11 5
1+
#3818000
0+
#3818500
b100 5
1+
#3819000
0+
#3819500
b101 5
1+
#3820000
0+
#3820500
1$
b0 5
1+
#3821000
0+
#3821500
0$
b1 5
b1011 I
1+
#3822000
0+
#3822500
b10 5
1+
#3823000
0+
#3823500
b11 5
1+
#3824000
0+
#3824500
b100 5
1+
#3825000
0+
#3825500
b101 5
1+
#3826000
0+
#3826500
1$
b0 5
1+
#3827000
0+
#3827500
0$
b1 5
b1100 I
1+
#3828000
0+
#3828500
b10 5
1+
#3829000
0+
#3829500
b11 5
1+
#3830000
0+
#3830500
b100 5
1+
#3831000
0+
#3831500
b101 5
1+
#3832000
0+
#3832500
1$
b0 5
1+
#3833000
0+
#3833500
0$
b1 5
b1101 I
1+
#3834000
0+
#3834500
b10 5
1+
#3835000
0+
#3835500
b11 5
1+
#3836000
0+
#3836500
b100 5
1+
#3837000
0+
#3837500
b101 5
1+
#3838000
0+
#3838500
1$
b0 5
1+
#3839000
0+
#3839500
0$
b1 5
b1110 I
1+
#3840000
0+
#3840500
b10 5
1+
#3841000
0+
#3841500
b11 5
1+
#3842000
0+
#3842500
b100 5
1+
#3843000
0+
#3843500
b101 5
1+
#3844000
0+
#3844500
1$
b0 5
1+
#3845000
0+
#3845500
0$
b1 5
b1111 I
1+
#3846000
0+
#3846500
b10 5
1+
#3847000
0+
#3847500
b11 5
1+
#3848000
0+
#3848500
b100 5
1+
#3849000
0+
#3849500
b101 5
1+
#3850000
0+
#3850500
1$
b0 5
1+
#3851000
0+
#3851500
b0 O
0-
b11000001 M
0$
b1 5
1"
0#
b0 K
b0 I
1+
#3852000
0+
#3852500
0?
0"
b10 5
1+
#3853000
0+
#3853500
b11 5
0>
1+
#3854000
0+
#3854500
b1 A
b100 5
1+
#3855000
0+
#3855500
b101 5
1+
#3856000
0+
#3856500
b1 O
1$
b0 5
1+
#3857000
0+
#3857500
0$
b1 5
b1 =
1+
#3858000
0+
#3858500
b10 5
1+
#3859000
0+
#3859500
b11 5
1+
#3860000
0+
#3860500
b100 5
1+
#3861000
0+
#3861500
b101 5
1+
#3862000
0+
#3862500
b10 O
1$
b0 5
1+
#3863000
0+
#3863500
0$
b1 5
b10 =
1+
#3864000
0+
#3864500
b10 5
1+
#3865000
0+
#3865500
b11 5
1+
#3866000
0+
#3866500
b100 5
1+
#3867000
0+
#3867500
b101 5
1+
#3868000
0+
#3868500
b11 O
1$
b0 5
1+
#3869000
0+
#3869500
0$
b1 5
b11 =
1+
#3870000
0+
#3870500
b10 5
1+
#3871000
0+
#3871500
b11 5
1+
#3872000
0+
#3872500
b100 5
1+
#3873000
0+
#3873500
b101 5
1+
#3874000
0+
#3874500
b100 O
1$
b0 5
1+
#3875000
0+
#3875500
0$
b1 5
b100 =
1+
#3876000
0+
#3876500
b10 5
1+
#3877000
0+
#3877500
b11 5
1+
#3878000
0+
#3878500
b100 5
1+
#3879000
0+
#3879500
b101 5
1+
#3880000
0+
#3880500
b101 O
1$
b0 5
1+
#3881000
0+
#3881500
0$
b1 5
b101 =
1+
#3882000
0+
#3882500
b10 5
1+
#3883000
0+
#3883500
b11 5
1+
#3884000
0+
#3884500
b100 5
1+
#3885000
0+
#3885500
b101 5
1+
#3886000
0+
#3886500
b110 O
1$
b0 5
1+
#3887000
0+
#3887500
0$
b1 5
b110 =
1+
#3888000
0+
#3888500
b10 5
1+
#3889000
0+
#3889500
b11 5
1+
#3890000
0+
#3890500
b100 5
1+
#3891000
0+
#3891500
b101 5
1+
#3892000
0+
#3892500
b111 O
1$
b0 5
1+
#3893000
0+
#3893500
0$
b1 5
b111 =
1+
#3894000
0+
#3894500
b10 5
1+
#3895000
0+
#3895500
b11 5
1+
#3896000
0+
#3896500
b100 5
1+
#3897000
0+
#3897500
b101 5
1+
#3898000
0+
#3898500
b1000 O
1$
b0 5
1+
#3899000
0+
#3899500
0$
b1 5
b10 A
b0 =
1+
#3900000
0+
#3900500
b10 5
1+
#3901000
0+
#3901500
b11 5
1+
#3902000
0+
#3902500
b100 5
1+
#3903000
0+
#3903500
b101 5
1+
#3904000
0+
#3904500
b1001 O
1$
b0 5
1+
#3905000
0+
#3905500
0$
b1 5
b1 =
1+
#3906000
0+
#3906500
b10 5
1+
#3907000
0+
#3907500
b11 5
1+
#3908000
0+
#3908500
b100 5
1+
#3909000
0+
#3909500
b101 5
1+
#3910000
0+
#3910500
b1010 O
1$
b0 5
1+
#3911000
0+
#3911500
0$
b1 5
b10 =
1+
#3912000
0+
#3912500
b10 5
1+
#3913000
0+
#3913500
b11 5
1+
#3914000
0+
#3914500
b100 5
1+
#3915000
0+
#3915500
b101 5
1+
#3916000
0+
#3916500
b1011 O
1$
b0 5
1+
#3917000
0+
#3917500
0$
b1 5
b11 =
1+
#3918000
0+
#3918500
b10 5
1+
#3919000
0+
#3919500
b11 5
1+
#3920000
0+
#3920500
b100 5
1+
#3921000
0+
#3921500
b101 5
1+
#3922000
0+
#3922500
b1100 O
1$
b0 5
1+
#3923000
0+
#3923500
0$
b1 5
b100 =
1+
#3924000
0+
#3924500
b10 5
1+
#3925000
0+
#3925500
b11 5
1+
#3926000
0+
#3926500
b100 5
1+
#3927000
0+
#3927500
b101 5
1+
#3928000
0+
#3928500
b1101 O
1$
b0 5
1+
#3929000
0+
#3929500
0$
b1 5
b101 =
1+
#3930000
0+
#3930500
b10 5
1+
#3931000
0+
#3931500
b11 5
1+
#3932000
0+
#3932500
b100 5
1+
#3933000
0+
#3933500
b101 5
1+
#3934000
0+
#3934500
b1110 O
1$
b0 5
1+
#3935000
0+
#3935500
0$
b1 5
b110 =
1+
#3936000
0+
#3936500
b10 5
1+
#3937000
0+
#3937500
b11 5
1+
#3938000
0+
#3938500
b100 5
1+
#3939000
0+
#3939500
b101 5
1+
#3940000
0+
#3940500
b1111 O
1$
b0 5
1+
#3941000
0+
#3941500
0$
b1 5
b111 =
1+
#3942000
0+
#3942500
b10 5
1+
#3943000
0+
#3943500
b11 5
1+
#3944000
0+
#3944500
b100 5
1+
#3945000
0+
#3945500
b101 5
1+
#3946000
0+
#3946500
1-
b111 N
b0 O
1$
b0 5
1+
#3947000
0+
#3947500
0$
b1 5
1?
b1000 =
1+
#3948000
0+
#3948500
1>
b10 5
1+
#3949000
0+
#3949500
b11 5
1+
#3950000
0+
#3950500
b100 5
1+
#3951000
0+
#3951500
b101 5
1+
#3952000
0+
#3952500
b1 O
1$
b0 5
1+
#3953000
0+
#3953500
0$
b1 5
b1001 =
1+
#3954000
0+
#3954500
b10 5
1+
#3955000
0+
#3955500
b11 5
1+
#3956000
0+
#3956500
b100 5
1+
#3957000
0+
#3957500
b101 5
1+
#3958000
0+
#3958500
b10 O
1$
b0 5
1+
#3959000
0+
#3959500
0$
b1 5
b1010 =
1+
#3960000
0+
#3960500
b10 5
1+
#3961000
0+
#3961500
b11 5
1+
#3962000
0+
#3962500
b100 5
1+
#3963000
0+
#3963500
b101 5
1+
#3964000
0+
#3964500
b11 O
1$
b0 5
1+
#3965000
0+
#3965500
0$
b1 5
b1011 =
1+
#3966000
0+
#3966500
b10 5
1+
#3967000
0+
#3967500
b11 5
1+
#3968000
0+
#3968500
b100 5
1+
#3969000
0+
#3969500
b101 5
1+
#3970000
0+
#3970500
b100 O
1$
b0 5
1+
#3971000
0+
#3971500
0$
b1 5
b1100 =
1+
#3972000
0+
#3972500
b10 5
1+
#3973000
0+
#3973500
b11 5
1+
#3974000
0+
#3974500
b100 5
1+
#3975000
0+
#3975500
b101 5
1+
#3976000
0+
#3976500
b101 O
1$
b0 5
1+
#3977000
0+
#3977500
0$
b1 5
b1101 =
1+
#3978000
0+
#3978500
b10 5
1+
#3979000
0+
#3979500
b11 5
1+
#3980000
0+
#3980500
b100 5
1+
#3981000
0+
#3981500
b101 5
1+
#3982000
0+
#3982500
b110 O
1$
b0 5
1+
#3983000
0+
#3983500
0$
b1 5
b1110 =
1+
#3984000
0+
#3984500
b10 5
1+
#3985000
0+
#3985500
b11 5
1+
#3986000
0+
#3986500
b100 5
1+
#3987000
0+
#3987500
b101 5
1+
#3988000
0+
#3988500
b111 O
1$
b0 5
1+
#3989000
0+
#3989500
0$
b1 5
b1111 =
1+
#3990000
0+
#3990500
b10 5
1+
#3991000
0+
#3991500
b11 5
1+
#3992000
0+
#3992500
b100 5
1+
#3993000
0+
#3993500
b101 5
1+
#3994000
0+
#3994500
b1000 O
1$
b0 5
1+
#3995000
0+
#3995500
0$
b1 5
b1 ;
b1 @
b0 =
1+
#3996000
0+
#3996500
b10 5
1+
#3997000
0+
#3997500
b11 5
1+
#3998000
0+
#3998500
b100 5
1+
#3999000
0+
#3999500
b101 5
1+
#4000000
0+
#4000500
b1001 O
1$
b0 5
1+
#4001000
0+
#4001500
0$
b1 5
b1 =
1+
#4002000
0+
#4002500
b10 5
1+
#4003000
0+
#4003500
b11 5
1+
#4004000
0+
#4004500
b100 5
1+
#4005000
0+
#4005500
b101 5
1+
#4006000
0+
#4006500
b1010 O
1$
b0 5
1+
#4007000
0+
#4007500
0$
b1 5
b10 =
1+
#4008000
0+
#4008500
b10 5
1+
#4009000
0+
#4009500
b11 5
1+
#4010000
0+
#4010500
b100 5
1+
#4011000
0+
#4011500
b101 5
1+
#4012000
0+
#4012500
b1011 O
1$
b0 5
1+
#4013000
0+
#4013500
0$
b1 5
b11 =
1+
#4014000
0+
#4014500
b10 5
1+
#4015000
0+
#4015500
b11 5
1+
#4016000
0+
#4016500
b100 5
1+
#4017000
0+
#4017500
b101 5
1+
#4018000
0+
#4018500
b1100 O
1$
b0 5
1+
#4019000
0+
#4019500
0$
b1 5
b100 =
1+
#4020000
0+
#4020500
b10 5
1+
#4021000
0+
#4021500
b11 5
1+
#4022000
0+
#4022500
b100 5
1+
#4023000
0+
#4023500
b101 5
1+
#4024000
0+
#4024500
b1101 O
1$
b0 5
1+
#4025000
0+
#4025500
0$
b1 5
b101 =
1+
#4026000
0+
#4026500
b10 5
1+
#4027000
0+
#4027500
b11 5
1+
#4028000
0+
#4028500
b100 5
1+
#4029000
0+
#4029500
b101 5
1+
#4030000
0+
#4030500
b1110 O
1$
b0 5
1+
#4031000
0+
#4031500
0$
b1 5
b110 =
1+
#4032000
0+
#4032500
b10 5
1+
#4033000
0+
#4033500
b11 5
1+
#4034000
0+
#4034500
b100 5
1+
#4035000
0+
#4035500
b101 5
1+
#4036000
0+
#4036500
b1111 O
1$
b0 5
1+
#4037000
0+
#4037500
0$
b1 5
b111 =
1+
#4038000
0+
#4038500
b10 5
1+
#4039000
0+
#4039500
b11 5
1+
#4040000
0+
#4040500
b100 5
1+
#4041000
0+
#4041500
b101 5
1+
#4042000
0+
#4042500
b110 N
b0 O
1$
b0 5
1+
#4043000
0+
#4043500
0$
b1 5
b1000 =
1+
#4044000
0+
#4044500
b10 5
1+
#4045000
0+
#4045500
b11 5
1+
#4046000
0+
#4046500
b100 5
1+
#4047000
0+
#4047500
b101 5
1+
#4048000
0+
#4048500
b1 O
1$
b0 5
1+
#4049000
0+
#4049500
0$
b1 5
b1001 =
1+
#4050000
0+
#4050500
b10 5
1+
#4051000
0+
#4051500
b11 5
1+
#4052000
0+
#4052500
b100 5
1+
#4053000
0+
#4053500
b101 5
1+
#4054000
0+
#4054500
b10 O
1$
b0 5
1+
#4055000
0+
#4055500
0$
b1 5
b1010 =
1+
#4056000
0+
#4056500
b10 5
1+
#4057000
0+
#4057500
b11 5
1+
#4058000
0+
#4058500
b100 5
1+
#4059000
0+
#4059500
b101 5
1+
#4060000
0+
#4060500
b11 O
1$
b0 5
1+
#4061000
0+
#4061500
0$
b1 5
b1011 =
1+
#4062000
0+
#4062500
b10 5
1+
#4063000
0+
#4063500
b11 5
1+
#4064000
0+
#4064500
b100 5
1+
#4065000
0+
#4065500
b101 5
1+
#4066000
0+
#4066500
b100 O
1$
b0 5
1+
#4067000
0+
#4067500
0$
b1 5
b1100 =
1+
#4068000
0+
#4068500
b10 5
1+
#4069000
0+
#4069500
b11 5
1+
#4070000
0+
#4070500
b100 5
1+
#4071000
0+
#4071500
b101 5
1+
#4072000
0+
#4072500
b101 O
1$
b0 5
1+
#4073000
0+
#4073500
0$
b1 5
b1101 =
1+
#4074000
0+
#4074500
b10 5
1+
#4075000
0+
#4075500
b11 5
1+
#4076000
0+
#4076500
b100 5
1+
#4077000
0+
#4077500
b101 5
1+
#4078000
0+
#4078500
b110 O
1$
b0 5
1+
#4079000
0+
#4079500
0$
b1 5
b1110 =
1+
#4080000
0+
#4080500
b10 5
1+
#4081000
0+
#4081500
b11 5
1+
#4082000
0+
#4082500
b100 5
1+
#4083000
0+
#4083500
b101 5
1+
#4084000
0+
#4084500
b111 O
1$
b0 5
1+
#4085000
0+
#4085500
0$
b1 5
b1111 =
1+
#4086000
0+
#4086500
b10 5
1+
#4087000
0+
#4087500
b11 5
1+
#4088000
0+
#4088500
b100 5
1+
#4089000
0+
#4089500
b101 5
1+
#4090000
0+
#4090500
b1000 O
1$
b0 5
1+
#4091000
0+
#4091500
0$
b1 5
b10 ;
b11 @
b0 =
1+
#4092000
0+
#4092500
b10 5
1+
#4093000
0+
#4093500
b11 5
1+
#4094000
0+
#4094500
b100 5
1+
#4095000
0+
#4095500
b101 5
1+
#4096000
0+
#4096500
b1001 O
1$
b0 5
1+
#4097000
0+
#4097500
0$
b1 5
b1 =
1+
#4098000
0+
#4098500
b10 5
1+
#4099000
0+
#4099500
b11 5
1+
#4100000
0+
#4100500
b100 5
1+
#4101000
0+
#4101500
b101 5
1+
#4102000
0+
#4102500
b1010 O
1$
b0 5
1+
#4103000
0+
#4103500
0$
b1 5
b10 =
1+
#4104000
0+
#4104500
b10 5
1+
#4105000
0+
#4105500
b11 5
1+
#4106000
0+
#4106500
b100 5
1+
#4107000
0+
#4107500
b101 5
1+
#4108000
0+
#4108500
b1011 O
1$
b0 5
1+
#4109000
0+
#4109500
0$
b1 5
b11 =
1+
#4110000
0+
#4110500
b10 5
1+
#4111000
0+
#4111500
b11 5
1+
#4112000
0+
#4112500
b100 5
1+
#4113000
0+
#4113500
b101 5
1+
#4114000
0+
#4114500
b1100 O
1$
b0 5
1+
#4115000
0+
#4115500
0$
b1 5
b100 =
1+
#4116000
0+
#4116500
b10 5
1+
#4117000
0+
#4117500
b11 5
1+
#4118000
0+
#4118500
b100 5
1+
#4119000
0+
#4119500
b101 5
1+
#4120000
0+
#4120500
b1101 O
1$
b0 5
1+
#4121000
0+
#4121500
0$
b1 5
b101 =
1+
#4122000
0+
#4122500
b10 5
1+
#4123000
0+
#4123500
b11 5
1+
#4124000
0+
#4124500
b100 5
1+
#4125000
0+
#4125500
b101 5
1+
#4126000
0+
#4126500
b1110 O
1$
b0 5
1+
#4127000
0+
#4127500
0$
b1 5
b110 =
1+
#4128000
0+
#4128500
b10 5
1+
#4129000
0+
#4129500
b11 5
1+
#4130000
0+
#4130500
b100 5
1+
#4131000
0+
#4131500
b101 5
1+
#4132000
0+
#4132500
b1111 O
1$
b0 5
1+
#4133000
0+
#4133500
0$
b1 5
b111 =
1+
#4134000
0+
#4134500
b10 5
1+
#4135000
0+
#4135500
b11 5
1+
#4136000
0+
#4136500
b100 5
1+
#4137000
0+
#4137500
b101 5
1+
#4138000
0+
#4138500
0-
b101 N
b0 O
1$
b0 5
1+
#4139000
0+
#4139500
0$
b1 5
0?
b1000 =
1+
#4140000
0+
#4140500
0>
b10 5
1+
#4141000
0+
#4141500
b11 5
1+
#4142000
0+
#4142500
b100 5
1+
#4143000
0+
#4143500
b101 5
1+
#4144000
0+
#4144500
b1 O
1$
b0 5
1+
#4145000
0+
#4145500
0$
b1 5
b1001 =
1+
#4146000
0+
#4146500
b10 5
1+
#4147000
0+
#4147500
b11 5
1+
#4148000
0+
#4148500
b100 5
1+
#4149000
0+
#4149500
b101 5
1+
#4150000
0+
#4150500
b10 O
1$
b0 5
1+
#4151000
0+
#4151500
0$
b1 5
b1010 =
1+
#4152000
0+
#4152500
b10 5
1+
#4153000
0+
#4153500
b11 5
1+
#4154000
0+
#4154500
b100 5
1+
#4155000
0+
#4155500
b101 5
1+
#4156000
0+
#4156500
b11 O
1$
b0 5
1+
#4157000
0+
#4157500
0$
b1 5
b1011 =
1+
#4158000
0+
#4158500
b10 5
1+
#4159000
0+
#4159500
b11 5
1+
#4160000
0+
#4160500
b100 5
1+
#4161000
0+
#4161500
b101 5
1+
#4162000
0+
#4162500
b100 O
1$
b0 5
1+
#4163000
0+
#4163500
0$
b1 5
b1100 =
1+
#4164000
0+
#4164500
b10 5
1+
#4165000
0+
#4165500
b11 5
1+
#4166000
0+
#4166500
b100 5
1+
#4167000
0+
#4167500
b101 5
1+
#4168000
0+
#4168500
b101 O
1$
b0 5
1+
#4169000
0+
#4169500
0$
b1 5
b1101 =
1+
#4170000
0+
#4170500
b10 5
1+
#4171000
0+
#4171500
b11 5
1+
#4172000
0+
#4172500
b100 5
1+
#4173000
0+
#4173500
b101 5
1+
#4174000
0+
#4174500
b110 O
1$
b0 5
1+
#4175000
0+
#4175500
0$
b1 5
b1110 =
1+
#4176000
0+
#4176500
b10 5
1+
#4177000
0+
#4177500
b11 5
1+
#4178000
0+
#4178500
b100 5
1+
#4179000
0+
#4179500
b101 5
1+
#4180000
0+
#4180500
b111 O
1$
b0 5
1+
#4181000
0+
#4181500
0$
b1 5
b1111 =
1+
#4182000
0+
#4182500
b10 5
1+
#4183000
0+
#4183500
b11 5
1+
#4184000
0+
#4184500
b100 5
1+
#4185000
0+
#4185500
b101 5
1+
#4186000
0+
#4186500
b1000 O
1$
b0 5
1+
#4187000
0+
#4187500
0$
b1 5
b11 ;
b110 @
b0 =
1+
#4188000
0+
#4188500
b10 5
1+
#4189000
0+
#4189500
b11 5
1+
#4190000
0+
#4190500
b100 5
1+
#4191000
0+
#4191500
b101 5
1+
#4192000
0+
#4192500
b1001 O
1$
b0 5
1+
#4193000
0+
#4193500
0$
b1 5
b1 =
1+
#4194000
0+
#4194500
b10 5
1+
#4195000
0+
#4195500
b11 5
1+
#4196000
0+
#4196500
b100 5
1+
#4197000
0+
#4197500
b101 5
1+
#4198000
0+
#4198500
b1010 O
1$
b0 5
1+
#4199000
0+
#4199500
0$
b1 5
b10 =
1+
#4200000
0+
#4200500
b10 5
1+
#4201000
0+
#4201500
b11 5
1+
#4202000
0+
#4202500
b100 5
1+
#4203000
0+
#4203500
b101 5
1+
#4204000
0+
#4204500
b1011 O
1$
b0 5
1+
#4205000
0+
#4205500
0$
b1 5
b11 =
1+
#4206000
0+
#4206500
b10 5
1+
#4207000
0+
#4207500
b11 5
1+
#4208000
0+
#4208500
b100 5
1+
#4209000
0+
#4209500
b101 5
1+
#4210000
0+
#4210500
b1100 O
1$
b0 5
1+
#4211000
0+
#4211500
0$
b1 5
b100 =
1+
#4212000
0+
#4212500
b10 5
1+
#4213000
0+
#4213500
b11 5
1+
#4214000
0+
#4214500
b100 5
1+
#4215000
0+
#4215500
b101 5
1+
#4216000
0+
#4216500
b1101 O
1$
b0 5
1+
#4217000
0+
#4217500
0$
b1 5
b101 =
1+
#4218000
0+
#4218500
b10 5
1+
#4219000
0+
#4219500
b11 5
1+
#4220000
0+
#4220500
b100 5
1+
#4221000
0+
#4221500
b101 5
1+
#4222000
0+
#4222500
b1110 O
1$
b0 5
1+
#4223000
0+
#4223500
0$
b1 5
b110 =
1+
#4224000
0+
#4224500
b10 5
1+
#4225000
0+
#4225500
b11 5
1+
#4226000
0+
#4226500
b100 5
1+
#4227000
0+
#4227500
b101 5
1+
#4228000
0+
#4228500
b1111 O
1$
b0 5
1+
#4229000
0+
#4229500
0$
b1 5
b111 =
1+
#4230000
0+
#4230500
b10 5
1+
#4231000
0+
#4231500
b11 5
1+
#4232000
0+
#4232500
b100 5
1+
#4233000
0+
#4233500
b101 5
1+
#4234000
0+
#4234500
b100 N
b0 O
1$
b0 5
1+
#4235000
0+
#4235500
0$
b1 5
b1000 =
1+
#4236000
0+
#4236500
b10 5
1+
#4237000
0+
#4237500
b11 5
1+
#4238000
0+
#4238500
b100 5
1+
#4239000
0+
#4239500
b101 5
1+
#4240000
0+
#4240500
b1 O
1$
b0 5
1+
#4241000
0+
#4241500
0$
b1 5
b1001 =
1+
#4242000
0+
#4242500
b10 5
1+
#4243000
0+
#4243500
b11 5
1+
#4244000
0+
#4244500
b100 5
1+
#4245000
0+
#4245500
b101 5
1+
#4246000
0+
#4246500
b10 O
1$
b0 5
1+
#4247000
0+
#4247500
0$
b1 5
b1010 =
1+
#4248000
0+
#4248500
b10 5
1+
#4249000
0+
#4249500
b11 5
1+
#4250000
0+
#4250500
b100 5
1+
#4251000
0+
#4251500
b101 5
1+
#4252000
0+
#4252500
b11 O
1$
b0 5
1+
#4253000
0+
#4253500
0$
b1 5
b1011 =
1+
#4254000
0+
#4254500
b10 5
1+
#4255000
0+
#4255500
b11 5
1+
#4256000
0+
#4256500
b100 5
1+
#4257000
0+
#4257500
b101 5
1+
#4258000
0+
#4258500
b100 O
1$
b0 5
1+
#4259000
0+
#4259500
0$
b1 5
b1100 =
1+
#4260000
0+
#4260500
b10 5
1+
#4261000
0+
#4261500
b11 5
1+
#4262000
0+
#4262500
b100 5
1+
#4263000
0+
#4263500
b101 5
1+
#4264000
0+
#4264500
b101 O
1$
b0 5
1+
#4265000
0+
#4265500
0$
b1 5
b1101 =
1+
#4266000
0+
#4266500
b10 5
1+
#4267000
0+
#4267500
b11 5
1+
#4268000
0+
#4268500
b100 5
1+
#4269000
0+
#4269500
b101 5
1+
#4270000
0+
#4270500
b110 O
1$
b0 5
1+
#4271000
0+
#4271500
0$
b1 5
b1110 =
1+
#4272000
0+
#4272500
b10 5
1+
#4273000
0+
#4273500
b11 5
1+
#4274000
0+
#4274500
b100 5
1+
#4275000
0+
#4275500
b101 5
1+
#4276000
0+
#4276500
b111 O
1$
b0 5
1+
#4277000
0+
#4277500
0$
b1 5
b1111 =
1+
#4278000
0+
#4278500
b10 5
1+
#4279000
0+
#4279500
b11 5
1+
#4280000
0+
#4280500
b100 5
1+
#4281000
0+
#4281500
b101 5
1+
#4282000
0+
#4282500
b1000 O
1$
b0 5
1+
#4283000
0+
#4283500
0$
b1 5
b100 ;
b1100 @
b0 =
1+
#4284000
0+
#4284500
b10 5
1+
#4285000
0+
#4285500
b11 5
1+
#4286000
0+
#4286500
b100 5
1+
#4287000
0+
#4287500
b101 5
1+
#4288000
0+
#4288500
b1001 O
1$
b0 5
1+
#4289000
0+
#4289500
0$
b1 5
b1 =
1+
#4290000
0+
#4290500
b10 5
1+
#4291000
0+
#4291500
b11 5
1+
#4292000
0+
#4292500
b100 5
1+
#4293000
0+
#4293500
b101 5
1+
#4294000
0+
#4294500
b1010 O
1$
b0 5
1+
#4295000
0+
#4295500
0$
b1 5
b10 =
1+
#4296000
0+
#4296500
b10 5
1+
#4297000
0+
#4297500
b11 5
1+
#4298000
0+
#4298500
b100 5
1+
#4299000
0+
#4299500
b101 5
1+
#4300000
0+
#4300500
b1011 O
1$
b0 5
1+
#4301000
0+
#4301500
0$
b1 5
b11 =
1+
#4302000
0+
#4302500
b10 5
1+
#4303000
0+
#4303500
b11 5
1+
#4304000
0+
#4304500
b100 5
1+
#4305000
0+
#4305500
b101 5
1+
#4306000
0+
#4306500
b1100 O
1$
b0 5
1+
#4307000
0+
#4307500
0$
b1 5
b100 =
1+
#4308000
0+
#4308500
b10 5
1+
#4309000
0+
#4309500
b11 5
1+
#4310000
0+
#4310500
b100 5
1+
#4311000
0+
#4311500
b101 5
1+
#4312000
0+
#4312500
b1101 O
1$
b0 5
1+
#4313000
0+
#4313500
0$
b1 5
b101 =
1+
#4314000
0+
#4314500
b10 5
1+
#4315000
0+
#4315500
b11 5
1+
#4316000
0+
#4316500
b100 5
1+
#4317000
0+
#4317500
b101 5
1+
#4318000
0+
#4318500
b1110 O
1$
b0 5
1+
#4319000
0+
#4319500
0$
b1 5
b110 =
1+
#4320000
0+
#4320500
b10 5
1+
#4321000
0+
#4321500
b11 5
1+
#4322000
0+
#4322500
b100 5
1+
#4323000
0+
#4323500
b101 5
1+
#4324000
0+
#4324500
b1111 O
1$
b0 5
1+
#4325000
0+
#4325500
0$
b1 5
b111 =
1+
#4326000
0+
#4326500
b10 5
1+
#4327000
0+
#4327500
b11 5
1+
#4328000
0+
#4328500
b100 5
1+
#4329000
0+
#4329500
b101 5
1+
#4330000
0+
#4330500
b11 N
b0 O
1$
b0 5
1+
#4331000
0+
#4331500
0$
b1 5
b1000 =
1+
#4332000
0+
#4332500
b10 5
1+
#4333000
0+
#4333500
b11 5
1+
#4334000
0+
#4334500
b100 5
1+
#4335000
0+
#4335500
b101 5
1+
#4336000
0+
#4336500
b1 O
1$
b0 5
1+
#4337000
0+
#4337500
0$
b1 5
b1001 =
1+
#4338000
0+
#4338500
b10 5
1+
#4339000
0+
#4339500
b11 5
1+
#4340000
0+
#4340500
b100 5
1+
#4341000
0+
#4341500
b101 5
1+
#4342000
0+
#4342500
b10 O
1$
b0 5
1+
#4343000
0+
#4343500
0$
b1 5
b1010 =
1+
#4344000
0+
#4344500
b10 5
1+
#4345000
0+
#4345500
b11 5
1+
#4346000
0+
#4346500
b100 5
1+
#4347000
0+
#4347500
b101 5
1+
#4348000
0+
#4348500
b11 O
1$
b0 5
1+
#4349000
0+
#4349500
0$
b1 5
b1011 =
1+
#4350000
0+
#4350500
b10 5
1+
#4351000
0+
#4351500
b11 5
1+
#4352000
0+
#4352500
b100 5
1+
#4353000
0+
#4353500
b101 5
1+
#4354000
0+
#4354500
b100 O
1$
b0 5
1+
#4355000
0+
#4355500
0$
b1 5
b1100 =
1+
#4356000
0+
#4356500
b10 5
1+
#4357000
0+
#4357500
b11 5
1+
#4358000
0+
#4358500
b100 5
1+
#4359000
0+
#4359500
b101 5
1+
#4360000
0+
#4360500
b101 O
1$
b0 5
1+
#4361000
0+
#4361500
0$
b1 5
b1101 =
1+
#4362000
0+
#4362500
b10 5
1+
#4363000
0+
#4363500
b11 5
1+
#4364000
0+
#4364500
b100 5
1+
#4365000
0+
#4365500
b101 5
1+
#4366000
0+
#4366500
b110 O
1$
b0 5
1+
#4367000
0+
#4367500
0$
b1 5
b1110 =
1+
#4368000
0+
#4368500
b10 5
1+
#4369000
0+
#4369500
b11 5
1+
#4370000
0+
#4370500
b100 5
1+
#4371000
0+
#4371500
b101 5
1+
#4372000
0+
#4372500
b111 O
1$
b0 5
1+
#4373000
0+
#4373500
0$
b1 5
b1111 =
1+
#4374000
0+
#4374500
b10 5
1+
#4375000
0+
#4375500
b11 5
1+
#4376000
0+
#4376500
b100 5
1+
#4377000
0+
#4377500
b101 5
1+
#4378000
0+
#4378500
b1000 O
1$
b0 5
1+
#4379000
0+
#4379500
0$
b1 5
b101 ;
b11000 @
b0 =
1+
#4380000
0+
#4380500
b10 5
1+
#4381000
0+
#4381500
b11 5
1+
#4382000
0+
#4382500
b100 5
1+
#4383000
0+
#4383500
b101 5
1+
#4384000
0+
#4384500
b1001 O
1$
b0 5
1+
#4385000
0+
#4385500
0$
b1 5
b1 =
1+
#4386000
0+
#4386500
b10 5
1+
#4387000
0+
#4387500
b11 5
1+
#4388000
0+
#4388500
b100 5
1+
#4389000
0+
#4389500
b101 5
1+
#4390000
0+
#4390500
b1010 O
1$
b0 5
1+
#4391000
0+
#4391500
0$
b1 5
b10 =
1+
#4392000
0+
#4392500
b10 5
1+
#4393000
0+
#4393500
b11 5
1+
#4394000
0+
#4394500
b100 5
1+
#4395000
0+
#4395500
b101 5
1+
#4396000
0+
#4396500
b1011 O
1$
b0 5
1+
#4397000
0+
#4397500
0$
b1 5
b11 =
1+
#4398000
0+
#4398500
b10 5
1+
#4399000
0+
#4399500
b11 5
1+
#4400000
0+
#4400500
b100 5
1+
#4401000
0+
#4401500
b101 5
1+
#4402000
0+
#4402500
b1100 O
1$
b0 5
1+
#4403000
0+
#4403500
0$
b1 5
b100 =
1+
#4404000
0+
#4404500
b10 5
1+
#4405000
0+
#4405500
b11 5
1+
#4406000
0+
#4406500
b100 5
1+
#4407000
0+
#4407500
b101 5
1+
#4408000
0+
#4408500
b1101 O
1$
b0 5
1+
#4409000
0+
#4409500
0$
b1 5
b101 =
1+
#4410000
0+
#4410500
b10 5
1+
#4411000
0+
#4411500
b11 5
1+
#4412000
0+
#4412500
b100 5
1+
#4413000
0+
#4413500
b101 5
1+
#4414000
0+
#4414500
b1110 O
1$
b0 5
1+
#4415000
0+
#4415500
0$
b1 5
b110 =
1+
#4416000
0+
#4416500
b10 5
1+
#4417000
0+
#4417500
b11 5
1+
#4418000
0+
#4418500
b100 5
1+
#4419000
0+
#4419500
b101 5
1+
#4420000
0+
#4420500
b1111 O
1$
b0 5
1+
#4421000
0+
#4421500
0$
b1 5
b111 =
1+
#4422000
0+
#4422500
b10 5
1+
#4423000
0+
#4423500
b11 5
1+
#4424000
0+
#4424500
b100 5
1+
#4425000
0+
#4425500
b101 5
1+
#4426000
0+
#4426500
b10 N
b0 O
1$
b0 5
1+
#4427000
0+
#4427500
0$
b1 5
b1000 =
1+
#4428000
0+
#4428500
b10 5
1+
#4429000
0+
#4429500
b11 5
1+
#4430000
0+
#4430500
b100 5
1+
#4431000
0+
#4431500
b101 5
1+
#4432000
0+
#4432500
b1 O
1$
b0 5
1+
#4433000
0+
#4433500
0$
b1 5
b1001 =
1+
#4434000
0+
#4434500
b10 5
1+
#4435000
0+
#4435500
b11 5
1+
#4436000
0+
#4436500
b100 5
1+
#4437000
0+
#4437500
b101 5
1+
#4438000
0+
#4438500
b10 O
1$
b0 5
1+
#4439000
0+
#4439500
0$
b1 5
b1010 =
1+
#4440000
0+
#4440500
b10 5
1+
#4441000
0+
#4441500
b11 5
1+
#4442000
0+
#4442500
b100 5
1+
#4443000
0+
#4443500
b101 5
1+
#4444000
0+
#4444500
b11 O
1$
b0 5
1+
#4445000
0+
#4445500
0$
b1 5
b1011 =
1+
#4446000
0+
#4446500
b10 5
1+
#4447000
0+
#4447500
b11 5
1+
#4448000
0+
#4448500
b100 5
1+
#4449000
0+
#4449500
b101 5
1+
#4450000
0+
#4450500
b100 O
1$
b0 5
1+
#4451000
0+
#4451500
0$
b1 5
b1100 =
1+
#4452000
0+
#4452500
b10 5
1+
#4453000
0+
#4453500
b11 5
1+
#4454000
0+
#4454500
b100 5
1+
#4455000
0+
#4455500
b101 5
1+
#4456000
0+
#4456500
b101 O
1$
b0 5
1+
#4457000
0+
#4457500
0$
b1 5
b1101 =
1+
#4458000
0+
#4458500
b10 5
1+
#4459000
0+
#4459500
b11 5
1+
#4460000
0+
#4460500
b100 5
1+
#4461000
0+
#4461500
b101 5
1+
#4462000
0+
#4462500
b110 O
1$
b0 5
1+
#4463000
0+
#4463500
0$
b1 5
b1110 =
1+
#4464000
0+
#4464500
b10 5
1+
#4465000
0+
#4465500
b11 5
1+
#4466000
0+
#4466500
b100 5
1+
#4467000
0+
#4467500
b101 5
1+
#4468000
0+
#4468500
b111 O
1$
b0 5
1+
#4469000
0+
#4469500
0$
b1 5
b1111 =
1+
#4470000
0+
#4470500
b10 5
1+
#4471000
0+
#4471500
b11 5
1+
#4472000
0+
#4472500
b100 5
1+
#4473000
0+
#4473500
b101 5
1+
#4474000
0+
#4474500
b1000 O
1$
b0 5
1+
#4475000
0+
#4475500
0$
b1 5
b110 ;
b110000 @
b0 =
1+
#4476000
0+
#4476500
b10 5
1+
#4477000
0+
#4477500
b11 5
1+
#4478000
0+
#4478500
b100 5
1+
#4479000
0+
#4479500
b101 5
1+
#4480000
0+
#4480500
b1001 O
1$
b0 5
1+
#4481000
0+
#4481500
0$
b1 5
b1 =
1+
#4482000
0+
#4482500
b10 5
1+
#4483000
0+
#4483500
b11 5
1+
#4484000
0+
#4484500
b100 5
1+
#4485000
0+
#4485500
b101 5
1+
#4486000
0+
#4486500
b1010 O
1$
b0 5
1+
#4487000
0+
#4487500
0$
b1 5
b10 =
1+
#4488000
0+
#4488500
b10 5
1+
#4489000
0+
#4489500
b11 5
1+
#4490000
0+
#4490500
b100 5
1+
#4491000
0+
#4491500
b101 5
1+
#4492000
0+
#4492500
b1011 O
1$
b0 5
1+
#4493000
0+
#4493500
0$
b1 5
b11 =
1+
#4494000
0+
#4494500
b10 5
1+
#4495000
0+
#4495500
b11 5
1+
#4496000
0+
#4496500
b100 5
1+
#4497000
0+
#4497500
b101 5
1+
#4498000
0+
#4498500
b1100 O
1$
b0 5
1+
#4499000
0+
#4499500
0$
b1 5
b100 =
1+
#4500000
0+
#4500500
b10 5
1+
#4501000
0+
#4501500
b11 5
1+
#4502000
0+
#4502500
b100 5
1+
#4503000
0+
#4503500
b101 5
1+
#4504000
0+
#4504500
b1101 O
1$
b0 5
1+
#4505000
0+
#4505500
0$
b1 5
b101 =
1+
#4506000
0+
#4506500
b10 5
1+
#4507000
0+
#4507500
b11 5
1+
#4508000
0+
#4508500
b100 5
1+
#4509000
0+
#4509500
b101 5
1+
#4510000
0+
#4510500
b1110 O
1$
b0 5
1+
#4511000
0+
#4511500
0$
b1 5
b110 =
1+
#4512000
0+
#4512500
b10 5
1+
#4513000
0+
#4513500
b11 5
1+
#4514000
0+
#4514500
b100 5
1+
#4515000
0+
#4515500
b101 5
1+
#4516000
0+
#4516500
b1111 O
1$
b0 5
1+
#4517000
0+
#4517500
0$
b1 5
b111 =
1+
#4518000
0+
#4518500
b10 5
1+
#4519000
0+
#4519500
b11 5
1+
#4520000
0+
#4520500
b100 5
1+
#4521000
0+
#4521500
b101 5
1+
#4522000
0+
#4522500
b1 N
b0 O
1$
b0 5
1+
#4523000
0+
#4523500
0$
b1 5
b1000 =
1+
#4524000
0+
#4524500
b10 5
1+
#4525000
0+
#4525500
b11 5
1+
#4526000
0+
#4526500
b100 5
1+
#4527000
0+
#4527500
b101 5
1+
#4528000
0+
#4528500
b1 O
1$
b0 5
1+
#4529000
0+
#4529500
0$
b1 5
b1001 =
1+
#4530000
0+
#4530500
b10 5
1+
#4531000
0+
#4531500
b11 5
1+
#4532000
0+
#4532500
b100 5
1+
#4533000
0+
#4533500
b101 5
1+
#4534000
0+
#4534500
b10 O
1$
b0 5
1+
#4535000
0+
#4535500
0$
b1 5
b1010 =
1+
#4536000
0+
#4536500
b10 5
1+
#4537000
0+
#4537500
b11 5
1+
#4538000
0+
#4538500
b100 5
1+
#4539000
0+
#4539500
b101 5
1+
#4540000
0+
#4540500
b11 O
1$
b0 5
1+
#4541000
0+
#4541500
0$
b1 5
b1011 =
1+
#4542000
0+
#4542500
b10 5
1+
#4543000
0+
#4543500
b11 5
1+
#4544000
0+
#4544500
b100 5
1+
#4545000
0+
#4545500
b101 5
1+
#4546000
0+
#4546500
b100 O
1$
b0 5
1+
#4547000
0+
#4547500
0$
b1 5
b1100 =
1+
#4548000
0+
#4548500
b10 5
1+
#4549000
0+
#4549500
b11 5
1+
#4550000
0+
#4550500
b100 5
1+
#4551000
0+
#4551500
b101 5
1+
#4552000
0+
#4552500
b101 O
1$
b0 5
1+
#4553000
0+
#4553500
0$
b1 5
b1101 =
1+
#4554000
0+
#4554500
b10 5
1+
#4555000
0+
#4555500
b11 5
1+
#4556000
0+
#4556500
b100 5
1+
#4557000
0+
#4557500
b101 5
1+
#4558000
0+
#4558500
b110 O
1$
b0 5
1+
#4559000
0+
#4559500
0$
b1 5
b1110 =
1+
#4560000
0+
#4560500
b10 5
1+
#4561000
0+
#4561500
b11 5
1+
#4562000
0+
#4562500
b100 5
1+
#4563000
0+
#4563500
b101 5
1+
#4564000
0+
#4564500
b111 O
1$
b0 5
1+
#4565000
0+
#4565500
0$
b1 5
b1111 =
1+
#4566000
0+
#4566500
b10 5
1+
#4567000
0+
#4567500
b11 5
1+
#4568000
0+
#4568500
b100 5
1+
#4569000
0+
#4569500
b101 5
1+
#4570000
0+
#4570500
b1000 O
1$
b0 5
1+
#4571000
0+
#4571500
0$
b1 5
b111 ;
b1100000 @
b0 =
1+
#4572000
0+
#4572500
b10 5
1+
#4573000
0+
#4573500
b11 5
1+
#4574000
0+
#4574500
b100 5
1+
#4575000
0+
#4575500
b101 5
1+
#4576000
0+
#4576500
b1001 O
1$
b0 5
1+
#4577000
0+
#4577500
0$
b1 5
b1 =
1+
#4578000
0+
#4578500
b10 5
1+
#4579000
0+
#4579500
b11 5
1+
#4580000
0+
#4580500
b100 5
1+
#4581000
0+
#4581500
b101 5
1+
#4582000
0+
#4582500
b1010 O
1$
b0 5
1+
#4583000
0+
#4583500
0$
b1 5
b10 =
1+
#4584000
0+
#4584500
b10 5
1+
#4585000
0+
#4585500
b11 5
1+
#4586000
0+
#4586500
b100 5
1+
#4587000
0+
#4587500
b101 5
1+
#4588000
0+
#4588500
b1011 O
1$
b0 5
1+
#4589000
0+
#4589500
0$
b1 5
b11 =
1+
#4590000
0+
#4590500
b10 5
1+
#4591000
0+
#4591500
b11 5
1+
#4592000
0+
#4592500
b100 5
1+
#4593000
0+
#4593500
b101 5
1+
#4594000
0+
#4594500
b1100 O
1$
b0 5
1+
#4595000
0+
#4595500
0$
b1 5
b100 =
1+
#4596000
0+
#4596500
b10 5
1+
#4597000
0+
#4597500
b11 5
1+
#4598000
0+
#4598500
b100 5
1+
#4599000
0+
#4599500
b101 5
1+
#4600000
0+
#4600500
b1101 O
1$
b0 5
1+
#4601000
0+
#4601500
0$
b1 5
b101 =
1+
#4602000
0+
#4602500
b10 5
1+
#4603000
0+
#4603500
b11 5
1+
#4604000
0+
#4604500
b100 5
1+
#4605000
0+
#4605500
b101 5
1+
#4606000
0+
#4606500
b1110 O
1$
b0 5
1+
#4607000
0+
#4607500
0$
b1 5
b110 =
1+
#4608000
0+
#4608500
b10 5
1+
#4609000
0+
#4609500
b11 5
1+
#4610000
0+
#4610500
b100 5
1+
#4611000
0+
#4611500
b101 5
1+
#4612000
0+
#4612500
b1111 O
1$
b0 5
1+
#4613000
0+
#4613500
0$
b1 5
b111 =
1+
#4614000
0+
#4614500
b10 5
1+
#4615000
0+
#4615500
b11 5
1+
#4616000
0+
#4616500
b100 5
1+
#4617000
0+
#4617500
b101 5
1+
#4618000
0+
#4618500
1-
b0 N
b0 O
1$
b0 5
1+
#4619000
0+
#4619500
0$
b1 5
1?
b1000 =
1+
#4620000
0+
#4620500
1>
b10 5
1+
#4621000
0+
#4621500
b11 5
1+
#4622000
0+
#4622500
b100 5
1+
#4623000
0+
#4623500
b101 5
1+
#4624000
0+
#4624500
b1 O
1$
b0 5
1+
#4625000
0+
#4625500
0$
b1 5
b1001 =
1+
#4626000
0+
#4626500
b10 5
1+
#4627000
0+
#4627500
b11 5
1+
#4628000
0+
#4628500
b100 5
1+
#4629000
0+
#4629500
b101 5
1+
#4630000
0+
#4630500
b10 O
1$
b0 5
1+
#4631000
0+
#4631500
0$
b1 5
b1010 =
1+
#4632000
0+
#4632500
b10 5
1+
#4633000
0+
#4633500
b11 5
1+
#4634000
0+
#4634500
b100 5
1+
#4635000
0+
#4635500
b101 5
1+
#4636000
0+
#4636500
b11 O
1$
b0 5
1+
#4637000
0+
#4637500
0$
b1 5
b1011 =
1+
#4638000
0+
#4638500
b10 5
1+
#4639000
0+
#4639500
b11 5
1+
#4640000
0+
#4640500
b100 5
1+
#4641000
0+
#4641500
b101 5
1+
#4642000
0+
#4642500
b100 O
1$
b0 5
1+
#4643000
0+
#4643500
0$
b1 5
b1100 =
1+
#4644000
0+
#4644500
b10 5
1+
#4645000
0+
#4645500
b11 5
1+
#4646000
0+
#4646500
b100 5
1+
#4647000
0+
#4647500
b101 5
1+
#4648000
0+
#4648500
b101 O
1$
b0 5
1+
#4649000
0+
#4649500
0$
b1 5
b1101 =
1+
#4650000
0+
#4650500
b10 5
1+
#4651000
0+
#4651500
b11 5
1+
#4652000
0+
#4652500
b100 5
1+
#4653000
0+
#4653500
b101 5
1+
#4654000
0+
#4654500
b110 O
1$
b0 5
1+
#4655000
0+
#4655500
0$
b1 5
b1110 =
1+
#4656000
0+
#4656500
b10 5
1+
#4657000
0+
#4657500
b11 5
1+
#4658000
0+
#4658500
b100 5
1+
#4659000
0+
#4659500
b101 5
1+
#4660000
0+
#4660500
b111 O
1$
b0 5
1+
#4661000
0+
#4661500
0$
b1 5
b1111 =
1+
#4662000
0+
#4662500
b10 5
1+
#4663000
0+
#4663500
b11 5
1+
#4664000
0+
#4664500
b100 5
1+
#4665000
0+
#4665500
b101 5
1+
#4666000
0+
#4666500
b1000 O
1$
b0 5
1+
#4667000
0+
#4667500
0$
b1 5
b11 A
b0 ;
b11000001 @
b0 =
1+
#4668000
0+
#4668500
b10 5
1+
#4669000
0+
#4669500
b11 5
1+
#4670000
0+
#4670500
b100 5
1+
#4671000
0+
#4671500
b101 5
1+
#4672000
0+
#4672500
b1001 O
1$
b0 5
1+
#4673000
0+
#4673500
0$
b1 5
b1 =
1+
#4674000
0+
#4674500
b10 5
1+
#4675000
0+
#4675500
b11 5
1+
#4676000
0+
#4676500
b100 5
1+
#4677000
0+
#4677500
b101 5
1+
#4678000
0+
#4678500
b1010 O
1$
b0 5
1+
#4679000
0+
#4679500
0$
b1 5
b10 =
1+
#4680000
0+
#4680500
b10 5
1+
#4681000
0+
#4681500
b11 5
1+
#4682000
0+
#4682500
b100 5
1+
#4683000
0+
#4683500
b101 5
1+
#4684000
0+
#4684500
b1011 O
1$
b0 5
1+
#4685000
0+
#4685500
0$
b1 5
b11 =
1+
#4686000
0+
#4686500
b10 5
1+
#4687000
0+
#4687500
b11 5
1+
#4688000
0+
#4688500
b100 5
1+
#4689000
0+
#4689500
b101 5
1+
#4690000
0+
#4690500
b1100 O
1$
b0 5
1+
#4691000
0+
#4691500
0$
b1 5
b100 =
1+
#4692000
0+
#4692500
b10 5
1+
#4693000
0+
#4693500
b11 5
1+
#4694000
0+
#4694500
b100 5
1+
#4695000
0+
#4695500
b101 5
1+
#4696000
0+
#4696500
b1101 O
1$
b0 5
1+
#4697000
0+
#4697500
0$
b1 5
b101 =
1+
#4698000
0+
#4698500
b10 5
1+
#4699000
0+
#4699500
b11 5
1+
#4700000
0+
#4700500
b100 5
1+
#4701000
0+
#4701500
b101 5
1+
#4702000
0+
#4702500
b1110 O
1$
b0 5
1+
#4703000
0+
#4703500
0$
b1 5
b110 =
1+
#4704000
0+
#4704500
b10 5
1+
#4705000
0+
#4705500
b11 5
1+
#4706000
0+
#4706500
b100 5
1+
#4707000
0+
#4707500
b101 5
1+
#4708000
0+
#4708500
b1111 O
1$
b0 5
1+
#4709000
0+
#4709500
0$
b1 5
b111 =
1+
#4710000
0+
#4710500
b10 5
1+
#4711000
0+
#4711500
b11 5
1+
#4712000
0+
#4712500
b100 5
1+
#4713000
0+
#4713500
b101 5
1+
#4714000
0+
#4714500
b11111111111111111111111111111111 N
b0 O
1$
b0 5
1+
#4715000
0+
#4715500
0$
b1 5
b1000 =
1+
#4716000
0+
#4716500
b10 5
1+
#4717000
0+
#4717500
b11 5
1+
#4718000
0+
#4718500
b100 5
1+
#4719000
0+
#4719500
b101 5
1+
#4720000
0+
#4720500
b1 O
1$
b0 5
1+
#4721000
0+
#4721500
0$
b1 5
b1001 =
1+
#4722000
0+
#4722500
b10 5
1+
#4723000
0+
#4723500
b11 5
1+
#4724000
0+
#4724500
b100 5
1+
#4725000
0+
#4725500
b101 5
1+
#4726000
0+
#4726500
b10 O
1$
b0 5
1+
#4727000
0+
#4727500
0$
b1 5
b1010 =
1+
#4728000
0+
#4728500
b10 5
1+
#4729000
0+
#4729500
b11 5
1+
#4730000
0+
#4730500
b100 5
1+
#4731000
0+
#4731500
b101 5
1+
#4732000
0+
#4732500
b11 O
1$
b0 5
1+
#4733000
0+
#4733500
0$
b1 5
b1011 =
1+
#4734000
0+
#4734500
b10 5
1+
#4735000
0+
#4735500
b11 5
1+
#4736000
0+
#4736500
b100 5
1+
#4737000
0+
#4737500
b101 5
1+
#4738000
0+
#4738500
b100 O
1$
b0 5
1+
#4739000
0+
#4739500
0$
b1 5
b1100 =
1+
#4740000
0+
#4740500
b10 5
1+
#4741000
0+
#4741500
b11 5
1+
#4742000
0+
#4742500
b100 5
1+
#4743000
0+
#4743500
b101 5
1+
#4744000
0+
#4744500
b101 O
1$
b0 5
1+
#4745000
0+
#4745500
0$
b1 5
b1101 =
1+
#4746000
0+
#4746500
b10 5
1+
#4747000
0+
#4747500
b11 5
1+
#4748000
0+
#4748500
b100 5
1+
#4749000
0+
#4749500
b101 5
1+
#4750000
0+
#4750500
b110 O
1$
b0 5
1+
#4751000
0+
#4751500
0$
b1 5
b1110 =
1+
#4752000
0+
#4752500
b10 5
1+
#4753000
0+
#4753500
b11 5
1+
#4754000
0+
#4754500
b100 5
1+
#4755000
0+
#4755500
b101 5
1+
#4756000
0+
#4756500
b111 O
1$
b0 5
1+
#4757000
0+
#4757500
0$
b1 5
b1111 =
1+
#4758000
0+
#4758500
b10 5
1+
#4759000
0+
#4759500
b11 5
1+
#4760000
0+
#4760500
b100 5
1+
#4761000
0+
#4761500
b101 5
1+
#4762000
0+
#4762500
b1000 O
1$
b0 5
1+
#4763000
0+
#4763500
0$
b1 5
b0 A
1%
b11000001 '
b11000001 <
b0 =
1+
#4764000
0+
#4764500
0%
b10 5
1+
#4765000
0+
#4765500
b11 5
1+
#4766000
0+
#4766500
b100 5
1+
#4767000
0+
#4767500
b101 5
1+
#4768000
0+
#4768500
b1001 O
1$
b0 5
1+
#4769000
0+
#4769500
0$
b1 5
1+
#4770000
0+
#4770500
b10 5
1+
#4771000
0+
#4771500
b11 5
1+
#4772000
0+
#4772500
b100 5
1+
#4773000
0+
#4773500
b101 5
1+
#4774000
0+
#4774500
b1010 O
1$
b0 5
1+
#4775000
0+
#4775500
0$
b1 5
1+
#4776000
0+
#4776500
b10 5
1+
#4777000
0+
#4777500
b11 5
1+
#4778000
0+
#4778500
b100 5
1+
#4779000
0+
#4779500
b101 5
1+
#4780000
0+
#4780500
b1011 O
1$
b0 5
1+
#4781000
0+
#4781500
0$
b1 5
1+
#4782000
0+
#4782500
b10 5
1+
#4783000
0+
#4783500
b11 5
1+
#4784000
0+
#4784500
b100 5
1+
#4785000
0+
#4785500
b101 5
1+
#4786000
0+
#4786500
b1100 O
1$
b0 5
1+
#4787000
0+
#4787500
0$
b1 5
1+
#4788000
0+
#4788500
b10 5
1+
#4789000
0+
#4789500
b11 5
1+
#4790000
0+
#4790500
b100 5
1+
#4791000
0+
#4791500
b101 5
1+
#4792000
0+
#4792500
b1101 O
1$
b0 5
1+
#4793000
0+
#4793500
0$
b1 5
1+
#4794000
0+
#4794500
b10 5
1+
#4795000
0+
#4795500
b11 5
1+
#4796000
0+
#4796500
b100 5
1+
#4797000
0+
#4797500
b101 5
1+
#4798000
0+
#4798500
b1110 O
1$
b0 5
1+
#4799000
0+
#4799500
0$
b1 5
1+
#4800000
0+
#4800500
b10 5
1+
#4801000
0+
#4801500
b11 5
1+
#4802000
0+
#4802500
b100 5
1+
#4803000
0+
#4803500
b101 5
1+
#4804000
0+
#4804500
b1111 O
1$
b0 5
1+
#4805000
0+
#4805500
0$
b1 5
1+
#4806000
0+
#4806500
b10 5
1+
#4807000
0+
#4807500
b11 5
1+
#4808000
0+
#4808500
b100 5
1+
#4809000
0+
#4809500
b101 5
1+
#4810000
0+
#4810500
b0 O
1$
b0 5
1+
#4811000
0+
#4811500
0$
b1 5
1+
#4812000
0+
#4812500
b10 5
1+
#4813000
0+
#4813500
b11 5
1+
#4814000
0+
#4814500
b100 5
1+
#4815000
0+
#4815500
b101 5
1+
#4816000
0+
#4816500
b1 O
1$
b0 5
1+
#4817000
0+
#4817500
0$
b1 5
1+
#4818000
0+
#4818500
b10 5
1+
#4819000
0+
#4819500
b11 5
1+
#4820000
0+
#4820500
b100 5
1+
#4821000
0+
#4821500
b101 5
1+
#4822000
0+
#4822500
b10 O
1$
b0 5
1+
#4823000
0+
#4823500
0$
b1 5
1+
#4824000
0+
#4824500
b10 5
1+
#4825000
0+
#4825500
b11 5
1+
#4826000
0+
#4826500
b100 5
1+
#4827000
0+
#4827500
b101 5
1+
#4828000
0+
#4828500
b11 O
1$
b0 5
1+
#4829000
0+
#4829500
0$
b1 5
1+
#4830000
0+
#4830500
b10 5
1+
#4831000
0+
#4831500
b11 5
1+
#4832000
0+
#4832500
b100 5
1+
#4833000
0+
#4833500
b101 5
1+
#4834000
0+
#4834500
b100 O
1$
b0 5
1+
#4835000
0+
#4835500
0$
b1 5
1+
#4836000
0+
#4836500
b10 5
1+
#4837000
0+
#4837500
b11 5
1+
#4838000
0+
#4838500
b100 5
1+
#4839000
0+
#4839500
b101 5
1+
#4840000
0+
#4840500
b101 O
1$
b0 5
1+
#4841000
0+
#4841500
0$
b1 5
1+
#4842000
0+
#4842500
b10 5
1+
#4843000
0+
#4843500
b11 5
1+
#4844000
0+
#4844500
b100 5
1+
#4845000
0+
#4845500
b101 5
1+
#4846000
0+
#4846500
b110 O
1$
b0 5
1+
#4847000
0+
#4847500
0$
b1 5
1+
#4848000
0+
#4848500
b10 5
1+
#4849000
0+
#4849500
b11 5
1+
#4850000
0+
#4850500
b100 5
1+
#4851000
0+
#4851500
b101 5
1+
#4852000
0+
#4852500
b111 O
1$
b0 5
1+
#4853000
0+
#4853500
0$
b1 5
1+
#4854000
0+
#4854500
b10 5
1+
#4855000
0+
#4855500
b11 5
1+
#4856000
0+
#4856500
b100 5
1+
#4857000
0+
#4857500
b101 5
1+
#4858000
0+
#4858500
b1000 O
1$
b0 5
1+
#4859000
0+
#4859500
0$
b1 5
1+
#4860000
0+
#4860500
b10 5
1+
#4861000
0+
#4861500
b11 5
1+
#4862000
0+
#4862500
b100 5
1+
#4863000
0+
#4863500
b101 5
1+
#4864000
0+
#4864500
b1001 O
1$
b0 5
1+
#4865000
0+
#4865500
0$
b1 5
1+
#4866000
0+
#4866500
b10 5
1+
#4867000
0+
#4867500
b11 5
1+
#4868000
0+
#4868500
b100 5
1+
#4869000
0+
#4869500
b101 5
1+
#4870000
0+
#4870500
b1010 O
1$
b0 5
1+
#4871000
0+
#4871500
0$
b1 5
1+
#4872000
0+
#4872500
b10 5
1+
#4873000
0+
#4873500
b11 5
1+
#4874000
0+
#4874500
b100 5
1+
#4875000
0+
#4875500
b101 5
1+
#4876000
0+
#4876500
b1011 O
1$
b0 5
1+
#4877000
0+
#4877500
0$
b1 5
1+
#4878000
0+
#4878500
b10 5
1+
#4879000
0+
#4879500
b11 5
1+
#4880000
0+
#4880500
b100 5
1+
#4881000
0+
#4881500
b101 5
1+
#4882000
0+
#4882500
b1100 O
1$
b0 5
1+
#4883000
0+
#4883500
0$
b1 5
1+
#4884000
0+
#4884500
b10 5
1+
#4885000
0+
#4885500
b11 5
1+
#4886000
0+
#4886500
b100 5
1+
#4887000
0+
#4887500
b101 5
1+
#4888000
0+
#4888500
b1101 O
1$
b0 5
1+
#4889000
0+
#4889500
0$
b1 5
1+
#4890000
0+
#4890500
b10 5
1+
#4891000
0+
#4891500
b11 5
1+
#4892000
0+
#4892500
b100 5
1+
#4893000
0+
#4893500
b101 5
1+
#4894000
0+
#4894500
b1110 O
1$
b0 5
1+
#4895000
0+
#4895500
0$
b1 5
1+
#4896000
0+
#4896500
b10 5
1+
#4897000
0+
#4897500
b11 5
1+
#4898000
0+
#4898500
b100 5
1+
#4899000
0+
#4899500
b101 5
1+
#4900000
0+
#4900500
b1111 O
1$
b0 5
1+
#4901000
0+
#4901500
0$
b1 5
1+
#4902000
0+
#4902500
b10 5
1+
#4903000
0+
#4903500
b11 5
1+
#4904000
0+
#4904500
b100 5
1+
#4905000
0+
#4905500
b101 5
1+
#4906000
0+
#4906500
b10000 O
1$
b0 5
1+
#4907000
0+
#4907500
0$
b1 5
1+
#4908000
0+
#4908500
b10 5
1+
#4909000
0+
#4909500
b11 5
1+
#4910000
0+
#4910500
b100 5
1+
#4911000
0+
#4911500
b101 5
1+
#4912000
0+
#4912500
b10001 O
1$
b0 5
1+
#4913000
0+
#4913500
0$
b1 5
1+
#4914000
0+
#4914500
b10 5
1+
#4915000
0+
#4915500
b11 5
1+
#4916000
0+
#4916500
b100 5
1+
#4917000
0+
#4917500
b101 5
1+
#4918000
0+
#4918500
b10010 O
1$
b0 5
1+
#4919000
0+
#4919500
0$
b1 5
1+
#4920000
0+
#4920500
b10 5
1+
#4921000
0+
#4921500
b11 5
1+
#4922000
0+
#4922500
b100 5
1+
#4923000
0+
#4923500
b101 5
1+
#4924000
0+
#4924500
b10011 O
1$
b0 5
1+
#4925000
0+
#4925500
0$
b1 5
1+
#4926000
0+
#4926500
b10 5
1+
#4927000
0+
#4927500
b11 5
1+
#4928000
0+
#4928500
b100 5
1+
#4929000
0+
#4929500
b101 5
1+
#4930000
0+
#4930500
b10100 O
1$
b0 5
1+
#4931000
0+
#4931500
0$
b1 5
1+
#4932000
0+
#4932500
b10 5
1+
#4933000
0+
#4933500
b11 5
1+
#4934000
0+
#4934500
b100 5
1+
#4935000
0+
#4935500
b101 5
1+
#4936000
0+
#4936500
b10101 O
1$
b0 5
1+
#4937000
0+
#4937500
0$
b1 5
1+
#4938000
0+
#4938500
b10 5
1+
#4939000
0+
#4939500
b11 5
1+
#4940000
0+
#4940500
b100 5
1+
#4941000
0+
#4941500
b101 5
1+
#4942000
0+
#4942500
b10110 O
1$
b0 5
1+
#4943000
0+
#4943500
0$
b1 5
1+
#4944000
0+
#4944500
b10 5
1+
#4945000
0+
#4945500
b11 5
1+
#4946000
0+
#4946500
b100 5
1+
#4947000
0+
#4947500
b101 5
1+
#4948000
0+
#4948500
b10111 O
1$
b0 5
1+
#4949000
0+
#4949500
0$
b1 5
1+
#4950000
0+
#4950500
b10 5
1+
#4951000
0+
#4951500
b11 5
1+
#4952000
0+
#4952500
b100 5
1+
#4953000
0+
#4953500
b101 5
1+
#4954000
0+
#4954500
b11000 O
1$
b0 5
1+
#4955000
0+
#4955500
0$
b1 5
1+
#4956000
0+
#4956500
b10 5
1+
#4957000
0+
#4957500
b11 5
1+
#4958000
0+
#4958500
b100 5
1+
#4959000
0+
#4959500
b101 5
1+
#4960000
0+
#4960500
b11001 O
1$
b0 5
1+
#4961000
0+
#4961500
0$
b1 5
1+
#4962000
0+
#4962500
b10 5
1+
#4963000
0+
#4963500
b11 5
1+
#4964000
0+
#4964500
b100 5
1+
#4965000
0+
#4965500
b101 5
1+
#4966000
0+
#4966500
b11010 O
1$
b0 5
1+
#4967000
0+
#4967500
0$
b1 5
1+
#4968000
0+
#4968500
b10 5
1+
#4969000
0+
#4969500
b11 5
1+
#4970000
0+
#4970500
b100 5
1+
#4971000
0+
#4971500
b101 5
1+
#4972000
0+
#4972500
b11011 O
1$
b0 5
1+
#4973000
0+
#4973500
0$
b1 5
1+
#4974000
0+
#4974500
b10 5
1+
#4975000
0+
#4975500
b11 5
1+
#4976000
0+
#4976500
b100 5
1+
#4977000
0+
#4977500
b101 5
1+
#4978000
0+
#4978500
b11100 O
1$
b0 5
1+
#4979000
0+
#4979500
0$
b1 5
1+
#4980000
0+
#4980500
b10 5
1+
#4981000
0+
#4981500
b11 5
1+
#4982000
0+
#4982500
b100 5
1+
#4983000
0+
#4983500
b101 5
1+
#4984000
0+
#4984500
b11101 O
1$
b0 5
1+
#4985000
0+
#4985500
0$
b1 5
1+
#4986000
0+
#4986500
b10 5
1+
#4987000
0+
#4987500
b11 5
1+
#4988000
0+
#4988500
b100 5
1+
#4989000
0+
#4989500
b101 5
1+
#4990000
0+
#4990500
b11110 O
1$
b0 5
1+
#4991000
0+
#4991500
0$
b1 5
1+
#4992000
0+
#4992500
b10 5
1+
#4993000
0+
#4993500
b11 5
1+
#4994000
0+
#4994500
b100 5
1+
#4995000
0+
#4995500
b101 5
1+
#4996000
0+
#4996500
b11111 O
1$
b0 5
1+
#4997000
0+
#4997500
0$
b1 5
1+
#4998000
0+
#4998500
b10 5
1+
#4999000
0+
#4999500
b11 5
1+
#5000000
0+
#5000500
b100 5
1+
#5001000
0+
#5001500
b101 5
1+
#5002000
0+
#5002500
0-
b1111111 M
b0 O
1$
b0 5
1+
#5003000
0+
#5003500
0$
b1 5
0?
1+
#5004000
0+
#5004500
0>
b10 5
1+
#5005000
0+
#5005500
b11 5
b1 A
1+
#5006000
0+
#5006500
b100 5
1+
#5007000
0+
#5007500
b101 5
1+
#5008000
0+
#5008500
b1 O
1$
b0 5
1+
#5009000
0+
#5009500
0$
b1 5
b1 =
1+
#5010000
0+
#5010500
b10 5
1+
#5011000
0+
#5011500
b11 5
1+
#5012000
0+
#5012500
b100 5
1+
#5013000
0+
#5013500
b101 5
1+
#5014000
0+
#5014500
b10 O
1$
b0 5
1+
#5015000
0+
#5015500
0$
b1 5
b10 =
1+
#5016000
0+
#5016500
b10 5
1+
#5017000
0+
#5017500
b11 5
1+
#5018000
0+
#5018500
b100 5
1+
#5019000
0+
#5019500
b101 5
1+
#5020000
0+
#5020500
b11 O
1$
b0 5
1+
#5021000
0+
#5021500
0$
b1 5
b11 =
1+
#5022000
0+
#5022500
b10 5
1+
#5023000
0+
#5023500
b11 5
1+
#5024000
0+
#5024500
b100 5
1+
#5025000
0+
#5025500
b101 5
1+
#5026000
0+
#5026500
b100 O
1$
b0 5
1+
#5027000
0+
#5027500
0$
b1 5
b100 =
1+
#5028000
0+
#5028500
b10 5
1+
#5029000
0+
#5029500
b11 5
1+
#5030000
0+
#5030500
b100 5
1+
#5031000
0+
#5031500
b101 5
1+
#5032000
0+
#5032500
b101 O
1$
b0 5
1+
#5033000
0+
#5033500
0$
b1 5
b101 =
1+
#5034000
0+
#5034500
b10 5
1+
#5035000
0+
#5035500
b11 5
1+
#5036000
0+
#5036500
b100 5
1+
#5037000
0+
#5037500
b101 5
1+
#5038000
0+
#5038500
b110 O
1$
b0 5
1+
#5039000
0+
#5039500
0$
b1 5
b110 =
1+
#5040000
0+
#5040500
b10 5
1+
#5041000
0+
#5041500
b11 5
1+
#5042000
0+
#5042500
b100 5
1+
#5043000
0+
#5043500
b101 5
1+
#5044000
0+
#5044500
b111 O
1$
b0 5
1+
#5045000
0+
#5045500
0$
b1 5
b111 =
1+
#5046000
0+
#5046500
b10 5
1+
#5047000
0+
#5047500
b11 5
1+
#5048000
0+
#5048500
b100 5
1+
#5049000
0+
#5049500
b101 5
1+
#5050000
0+
#5050500
b1000 O
1$
b0 5
1+
#5051000
0+
#5051500
0$
b1 5
b10 A
b0 =
1+
#5052000
0+
#5052500
b10 5
1+
#5053000
0+
#5053500
b11 5
1+
#5054000
0+
#5054500
b100 5
1+
#5055000
0+
#5055500
b101 5
1+
#5056000
0+
#5056500
b1001 O
1$
b0 5
1+
#5057000
0+
#5057500
0$
b1 5
b1 =
1+
#5058000
0+
#5058500
b10 5
1+
#5059000
0+
#5059500
b11 5
1+
#5060000
0+
#5060500
b100 5
1+
#5061000
0+
#5061500
b101 5
1+
#5062000
0+
#5062500
b1010 O
1$
b0 5
1+
#5063000
0+
#5063500
0$
b1 5
b10 =
1+
#5064000
0+
#5064500
b10 5
1+
#5065000
0+
#5065500
b11 5
1+
#5066000
0+
#5066500
b100 5
1+
#5067000
0+
#5067500
b101 5
1+
#5068000
0+
#5068500
b1011 O
1$
b0 5
1+
#5069000
0+
#5069500
0$
b1 5
b11 =
1+
#5070000
0+
#5070500
b10 5
1+
#5071000
0+
#5071500
b11 5
1+
#5072000
0+
#5072500
b100 5
1+
#5073000
0+
#5073500
b101 5
1+
#5074000
0+
#5074500
b1100 O
1$
b0 5
1+
#5075000
0+
#5075500
0$
b1 5
b100 =
1+
#5076000
0+
#5076500
b10 5
1+
#5077000
0+
#5077500
b11 5
1+
#5078000
0+
#5078500
b100 5
1+
#5079000
0+
#5079500
b101 5
1+
#5080000
0+
#5080500
b1101 O
1$
b0 5
1+
#5081000
0+
#5081500
0$
b1 5
b101 =
1+
#5082000
0+
#5082500
b10 5
1+
#5083000
0+
#5083500
b11 5
1+
#5084000
0+
#5084500
b100 5
1+
#5085000
0+
#5085500
b101 5
1+
#5086000
0+
#5086500
b1110 O
1$
b0 5
1+
#5087000
0+
#5087500
0$
b1 5
b110 =
1+
#5088000
0+
#5088500
b10 5
1+
#5089000
0+
#5089500
b11 5
1+
#5090000
0+
#5090500
b100 5
1+
#5091000
0+
#5091500
b101 5
1+
#5092000
0+
#5092500
b1111 O
1$
b0 5
1+
#5093000
0+
#5093500
0$
b1 5
b111 =
1+
#5094000
0+
#5094500
b10 5
1+
#5095000
0+
#5095500
b11 5
1+
#5096000
0+
#5096500
b100 5
1+
#5097000
0+
#5097500
b101 5
1+
#5098000
0+
#5098500
b111 N
b0 O
1$
b0 5
1+
#5099000
0+
#5099500
0$
b1 5
b1000 =
1+
#5100000
0+
#5100500
b10 5
1+
#5101000
0+
#5101500
b11 5
1+
#5102000
0+
#5102500
b100 5
1+
#5103000
0+
#5103500
b101 5
1+
#5104000
0+
#5104500
b1 O
1$
b0 5
1+
#5105000
0+
#5105500
0$
b1 5
b1001 =
1+
#5106000
0+
#5106500
b10 5
1+
#5107000
0+
#5107500
b11 5
1+
#5108000
0+
#5108500
b100 5
1+
#5109000
0+
#5109500
b101 5
1+
#5110000
0+
#5110500
b10 O
1$
b0 5
1+
#5111000
0+
#5111500
0$
b1 5
b1010 =
1+
#5112000
0+
#5112500
b10 5
1+
#5113000
0+
#5113500
b11 5
1+
#5114000
0+
#5114500
b100 5
1+
#5115000
0+
#5115500
b101 5
1+
#5116000
0+
#5116500
b11 O
1$
b0 5
1+
#5117000
0+
#5117500
0$
b1 5
b1011 =
1+
#5118000
0+
#5118500
b10 5
1+
#5119000
0+
#5119500
b11 5
1+
#5120000
0+
#5120500
b100 5
1+
#5121000
0+
#5121500
b101 5
1+
#5122000
0+
#5122500
b100 O
1$
b0 5
1+
#5123000
0+
#5123500
0$
b1 5
b1100 =
1+
#5124000
0+
#5124500
b10 5
1+
#5125000
0+
#5125500
b11 5
1+
#5126000
0+
#5126500
b100 5
1+
#5127000
0+
#5127500
b101 5
1+
#5128000
0+
#5128500
b101 O
1$
b0 5
1+
#5129000
0+
#5129500
0$
b1 5
b1101 =
1+
#5130000
0+
#5130500
b10 5
1+
#5131000
0+
#5131500
b11 5
1+
#5132000
0+
#5132500
b100 5
1+
#5133000
0+
#5133500
b101 5
1+
#5134000
0+
#5134500
b110 O
1$
b0 5
1+
#5135000
0+
#5135500
0$
b1 5
b1110 =
1+
#5136000
0+
#5136500
b10 5
1+
#5137000
0+
#5137500
b11 5
1+
#5138000
0+
#5138500
b100 5
1+
#5139000
0+
#5139500
b101 5
1+
#5140000
0+
#5140500
b111 O
1$
b0 5
1+
#5141000
0+
#5141500
0$
b1 5
b1111 =
1+
#5142000
0+
#5142500
b10 5
1+
#5143000
0+
#5143500
b11 5
1+
#5144000
0+
#5144500
b100 5
1+
#5145000
0+
#5145500
b101 5
1+
#5146000
0+
#5146500
b1000 O
1$
b0 5
1+
#5147000
0+
#5147500
0$
b1 5
b1 ;
b10000010 @
b0 =
1+
#5148000
0+
#5148500
b10 5
1+
#5149000
0+
#5149500
b11 5
1+
#5150000
0+
#5150500
b100 5
1+
#5151000
0+
#5151500
b101 5
1+
#5152000
0+
#5152500
b1001 O
1$
b0 5
1+
#5153000
0+
#5153500
0$
b1 5
b1 =
1+
#5154000
0+
#5154500
b10 5
1+
#5155000
0+
#5155500
b11 5
1+
#5156000
0+
#5156500
b100 5
1+
#5157000
0+
#5157500
b101 5
1+
#5158000
0+
#5158500
b1010 O
1$
b0 5
1+
#5159000
0+
#5159500
0$
b1 5
b10 =
1+
#5160000
0+
#5160500
b10 5
1+
#5161000
0+
#5161500
b11 5
1+
#5162000
0+
#5162500
b100 5
1+
#5163000
0+
#5163500
b101 5
1+
#5164000
0+
#5164500
b1011 O
1$
b0 5
1+
#5165000
0+
#5165500
0$
b1 5
b11 =
1+
#5166000
0+
#5166500
b10 5
1+
#5167000
0+
#5167500
b11 5
1+
#5168000
0+
#5168500
b100 5
1+
#5169000
0+
#5169500
b101 5
1+
#5170000
0+
#5170500
b1100 O
1$
b0 5
1+
#5171000
0+
#5171500
0$
b1 5
b100 =
1+
#5172000
0+
#5172500
b10 5
1+
#5173000
0+
#5173500
b11 5
1+
#5174000
0+
#5174500
b100 5
1+
#5175000
0+
#5175500
b101 5
1+
#5176000
0+
#5176500
b1101 O
1$
b0 5
1+
#5177000
0+
#5177500
0$
b1 5
b101 =
1+
#5178000
0+
#5178500
b10 5
1+
#5179000
0+
#5179500
b11 5
1+
#5180000
0+
#5180500
b100 5
1+
#5181000
0+
#5181500
b101 5
1+
#5182000
0+
#5182500
b1110 O
1$
b0 5
1+
#5183000
0+
#5183500
0$
b1 5
b110 =
1+
#5184000
0+
#5184500
b10 5
1+
#5185000
0+
#5185500
b11 5
1+
#5186000
0+
#5186500
b100 5
1+
#5187000
0+
#5187500
b101 5
1+
#5188000
0+
#5188500
b1111 O
1$
b0 5
1+
#5189000
0+
#5189500
0$
b1 5
b111 =
1+
#5190000
0+
#5190500
b10 5
1+
#5191000
0+
#5191500
b11 5
1+
#5192000
0+
#5192500
b100 5
1+
#5193000
0+
#5193500
b101 5
1+
#5194000
0+
#5194500
1-
b110 N
b0 O
1$
b0 5
1+
#5195000
0+
#5195500
0$
b1 5
1?
b1000 =
1+
#5196000
0+
#5196500
1>
b10 5
1+
#5197000
0+
#5197500
b11 5
1+
#5198000
0+
#5198500
b100 5
1+
#5199000
0+
#5199500
b101 5
1+
#5200000
0+
#5200500
b1 O
1$
b0 5
1+
#5201000
0+
#5201500
0$
b1 5
b1001 =
1+
#5202000
0+
#5202500
b10 5
1+
#5203000
0+
#5203500
b11 5
1+
#5204000
0+
#5204500
b100 5
1+
#5205000
0+
#5205500
b101 5
1+
#5206000
0+
#5206500
b10 O
1$
b0 5
1+
#5207000
0+
#5207500
0$
b1 5
b1010 =
1+
#5208000
0+
#5208500
b10 5
1+
#5209000
0+
#5209500
b11 5
1+
#5210000
0+
#5210500
b100 5
1+
#5211000
0+
#5211500
b101 5
1+
#5212000
0+
#5212500
b11 O
1$
b0 5
1+
#5213000
0+
#5213500
0$
b1 5
b1011 =
1+
#5214000
0+
#5214500
b10 5
1+
#5215000
0+
#5215500
b11 5
1+
#5216000
0+
#5216500
b100 5
1+
#5217000
0+
#5217500
b101 5
1+
#5218000
0+
#5218500
b100 O
1$
b0 5
1+
#5219000
0+
#5219500
0$
b1 5
b1100 =
1+
#5220000
0+
#5220500
b10 5
1+
#5221000
0+
#5221500
b11 5
1+
#5222000
0+
#5222500
b100 5
1+
#5223000
0+
#5223500
b101 5
1+
#5224000
0+
#5224500
b101 O
1$
b0 5
1+
#5225000
0+
#5225500
0$
b1 5
b1101 =
1+
#5226000
0+
#5226500
b10 5
1+
#5227000
0+
#5227500
b11 5
1+
#5228000
0+
#5228500
b100 5
1+
#5229000
0+
#5229500
b101 5
1+
#5230000
0+
#5230500
b110 O
1$
b0 5
1+
#5231000
0+
#5231500
0$
b1 5
b1110 =
1+
#5232000
0+
#5232500
b10 5
1+
#5233000
0+
#5233500
b11 5
1+
#5234000
0+
#5234500
b100 5
1+
#5235000
0+
#5235500
b101 5
1+
#5236000
0+
#5236500
b111 O
1$
b0 5
1+
#5237000
0+
#5237500
0$
b1 5
b1111 =
1+
#5238000
0+
#5238500
b10 5
1+
#5239000
0+
#5239500
b11 5
1+
#5240000
0+
#5240500
b100 5
1+
#5241000
0+
#5241500
b101 5
1+
#5242000
0+
#5242500
b1000 O
1$
b0 5
1+
#5243000
0+
#5243500
0$
b1 5
b10 ;
b101 @
b0 =
1+
#5244000
0+
#5244500
b10 5
1+
#5245000
0+
#5245500
b11 5
1+
#5246000
0+
#5246500
b100 5
1+
#5247000
0+
#5247500
b101 5
1+
#5248000
0+
#5248500
b1001 O
1$
b0 5
1+
#5249000
0+
#5249500
0$
b1 5
b1 =
1+
#5250000
0+
#5250500
b10 5
1+
#5251000
0+
#5251500
b11 5
1+
#5252000
0+
#5252500
b100 5
1+
#5253000
0+
#5253500
b101 5
1+
#5254000
0+
#5254500
b1010 O
1$
b0 5
1+
#5255000
0+
#5255500
0$
b1 5
b10 =
1+
#5256000
0+
#5256500
b10 5
1+
#5257000
0+
#5257500
b11 5
1+
#5258000
0+
#5258500
b100 5
1+
#5259000
0+
#5259500
b101 5
1+
#5260000
0+
#5260500
b1011 O
1$
b0 5
1+
#5261000
0+
#5261500
0$
b1 5
b11 =
1+
#5262000
0+
#5262500
b10 5
1+
#5263000
0+
#5263500
b11 5
1+
#5264000
0+
#5264500
b100 5
1+
#5265000
0+
#5265500
b101 5
1+
#5266000
0+
#5266500
b1100 O
1$
b0 5
1+
#5267000
0+
#5267500
0$
b1 5
b100 =
1+
#5268000
0+
#5268500
b10 5
1+
#5269000
0+
#5269500
b11 5
1+
#5270000
0+
#5270500
b100 5
1+
#5271000
0+
#5271500
b101 5
1+
#5272000
0+
#5272500
b1101 O
1$
b0 5
1+
#5273000
0+
#5273500
0$
b1 5
b101 =
1+
#5274000
0+
#5274500
b10 5
1+
#5275000
0+
#5275500
b11 5
1+
#5276000
0+
#5276500
b100 5
1+
#5277000
0+
#5277500
b101 5
1+
#5278000
0+
#5278500
b1110 O
1$
b0 5
1+
#5279000
0+
#5279500
0$
b1 5
b110 =
1+
#5280000
0+
#5280500
b10 5
1+
#5281000
0+
#5281500
b11 5
1+
#5282000
0+
#5282500
b100 5
1+
#5283000
0+
#5283500
b101 5
1+
#5284000
0+
#5284500
b1111 O
1$
b0 5
1+
#5285000
0+
#5285500
0$
b1 5
b111 =
1+
#5286000
0+
#5286500
b10 5
1+
#5287000
0+
#5287500
b11 5
1+
#5288000
0+
#5288500
b100 5
1+
#5289000
0+
#5289500
b101 5
1+
#5290000
0+
#5290500
b101 N
b0 O
1$
b0 5
1+
#5291000
0+
#5291500
0$
b1 5
b1000 =
1+
#5292000
0+
#5292500
b10 5
1+
#5293000
0+
#5293500
b11 5
1+
#5294000
0+
#5294500
b100 5
1+
#5295000
0+
#5295500
b101 5
1+
#5296000
0+
#5296500
b1 O
1$
b0 5
1+
#5297000
0+
#5297500
0$
b1 5
b1001 =
1+
#5298000
0+
#5298500
b10 5
1+
#5299000
0+
#5299500
b11 5
1+
#5300000
0+
#5300500
b100 5
1+
#5301000
0+
#5301500
b101 5
1+
#5302000
0+
#5302500
b10 O
1$
b0 5
1+
#5303000
0+
#5303500
0$
b1 5
b1010 =
1+
#5304000
0+
#5304500
b10 5
1+
#5305000
0+
#5305500
b11 5
1+
#5306000
0+
#5306500
b100 5
1+
#5307000
0+
#5307500
b101 5
1+
#5308000
0+
#5308500
b11 O
1$
b0 5
1+
#5309000
0+
#5309500
0$
b1 5
b1011 =
1+
#5310000
0+
#5310500
b10 5
1+
#5311000
0+
#5311500
b11 5
1+
#5312000
0+
#5312500
b100 5
1+
#5313000
0+
#5313500
b101 5
1+
#5314000
0+
#5314500
b100 O
1$
b0 5
1+
#5315000
0+
#5315500
0$
b1 5
b1100 =
1+
#5316000
0+
#5316500
b10 5
1+
#5317000
0+
#5317500
b11 5
1+
#5318000
0+
#5318500
b100 5
1+
#5319000
0+
#5319500
b101 5
1+
#5320000
0+
#5320500
b101 O
1$
b0 5
1+
#5321000
0+
#5321500
0$
b1 5
b1101 =
1+
#5322000
0+
#5322500
b10 5
1+
#5323000
0+
#5323500
b11 5
1+
#5324000
0+
#5324500
b100 5
1+
#5325000
0+
#5325500
b101 5
1+
#5326000
0+
#5326500
b110 O
1$
b0 5
1+
#5327000
0+
#5327500
0$
b1 5
b1110 =
1+
#5328000
0+
#5328500
b10 5
1+
#5329000
0+
#5329500
b11 5
1+
#5330000
0+
#5330500
b100 5
1+
#5331000
0+
#5331500
b101 5
1+
#5332000
0+
#5332500
b111 O
1$
b0 5
1+
#5333000
0+
#5333500
0$
b1 5
b1111 =
1+
#5334000
0+
#5334500
b10 5
1+
#5335000
0+
#5335500
b11 5
1+
#5336000
0+
#5336500
b100 5
1+
#5337000
0+
#5337500
b101 5
1+
#5338000
0+
#5338500
b1000 O
1$
b0 5
1+
#5339000
0+
#5339500
0$
b1 5
b11 ;
b1011 @
b0 =
1+
#5340000
0+
#5340500
b10 5
1+
#5341000
0+
#5341500
b11 5
1+
#5342000
0+
#5342500
b100 5
1+
#5343000
0+
#5343500
b101 5
1+
#5344000
0+
#5344500
b1001 O
1$
b0 5
1+
#5345000
0+
#5345500
0$
b1 5
b1 =
1+
#5346000
0+
#5346500
b10 5
1+
#5347000
0+
#5347500
b11 5
1+
#5348000
0+
#5348500
b100 5
1+
#5349000
0+
#5349500
b101 5
1+
#5350000
0+
#5350500
b1010 O
1$
b0 5
1+
#5351000
0+
#5351500
0$
b1 5
b10 =
1+
#5352000
0+
#5352500
b10 5
1+
#5353000
0+
#5353500
b11 5
1+
#5354000
0+
#5354500
b100 5
1+
#5355000
0+
#5355500
b101 5
1+
#5356000
0+
#5356500
b1011 O
1$
b0 5
1+
#5357000
0+
#5357500
0$
b1 5
b11 =
1+
#5358000
0+
#5358500
b10 5
1+
#5359000
0+
#5359500
b11 5
1+
#5360000
0+
#5360500
b100 5
1+
#5361000
0+
#5361500
b101 5
1+
#5362000
0+
#5362500
b1100 O
1$
b0 5
1+
#5363000
0+
#5363500
0$
b1 5
b100 =
1+
#5364000
0+
#5364500
b10 5
1+
#5365000
0+
#5365500
b11 5
1+
#5366000
0+
#5366500
b100 5
1+
#5367000
0+
#5367500
b101 5
1+
#5368000
0+
#5368500
b1101 O
1$
b0 5
1+
#5369000
0+
#5369500
0$
b1 5
b101 =
1+
#5370000
0+
#5370500
b10 5
1+
#5371000
0+
#5371500
b11 5
1+
#5372000
0+
#5372500
b100 5
1+
#5373000
0+
#5373500
b101 5
1+
#5374000
0+
#5374500
b1110 O
1$
b0 5
1+
#5375000
0+
#5375500
0$
b1 5
b110 =
1+
#5376000
0+
#5376500
b10 5
1+
#5377000
0+
#5377500
b11 5
1+
#5378000
0+
#5378500
b100 5
1+
#5379000
0+
#5379500
b101 5
1+
#5380000
0+
#5380500
b1111 O
1$
b0 5
1+
#5381000
0+
#5381500
0$
b1 5
b111 =
1+
#5382000
0+
#5382500
b10 5
1+
#5383000
0+
#5383500
b11 5
1+
#5384000
0+
#5384500
b100 5
1+
#5385000
0+
#5385500
b101 5
1+
#5386000
0+
#5386500
b100 N
b0 O
1$
b0 5
1+
#5387000
0+
#5387500
0$
b1 5
b1000 =
1+
#5388000
0+
#5388500
b10 5
1+
#5389000
0+
#5389500
b11 5
1+
#5390000
0+
#5390500
b100 5
1+
#5391000
0+
#5391500
b101 5
1+
#5392000
0+
#5392500
b1 O
1$
b0 5
1+
#5393000
0+
#5393500
0$
b1 5
b1001 =
1+
#5394000
0+
#5394500
b10 5
1+
#5395000
0+
#5395500
b11 5
1+
#5396000
0+
#5396500
b100 5
1+
#5397000
0+
#5397500
b101 5
1+
#5398000
0+
#5398500
b10 O
1$
b0 5
1+
#5399000
0+
#5399500
0$
b1 5
b1010 =
1+
#5400000
0+
#5400500
b10 5
1+
#5401000
0+
#5401500
b11 5
1+
#5402000
0+
#5402500
b100 5
1+
#5403000
0+
#5403500
b101 5
1+
#5404000
0+
#5404500
b11 O
1$
b0 5
1+
#5405000
0+
#5405500
0$
b1 5
b1011 =
1+
#5406000
0+
#5406500
b10 5
1+
#5407000
0+
#5407500
b11 5
1+
#5408000
0+
#5408500
b100 5
1+
#5409000
0+
#5409500
b101 5
1+
#5410000
0+
#5410500
b100 O
1$
b0 5
1+
#5411000
0+
#5411500
0$
b1 5
b1100 =
1+
#5412000
0+
#5412500
b10 5
1+
#5413000
0+
#5413500
b11 5
1+
#5414000
0+
#5414500
b100 5
1+
#5415000
0+
#5415500
b101 5
1+
#5416000
0+
#5416500
b101 O
1$
b0 5
1+
#5417000
0+
#5417500
0$
b1 5
b1101 =
1+
#5418000
0+
#5418500
b10 5
1+
#5419000
0+
#5419500
b11 5
1+
#5420000
0+
#5420500
b100 5
1+
#5421000
0+
#5421500
b101 5
1+
#5422000
0+
#5422500
b110 O
1$
b0 5
1+
#5423000
0+
#5423500
0$
b1 5
b1110 =
1+
#5424000
0+
#5424500
b10 5
1+
#5425000
0+
#5425500
b11 5
1+
#5426000
0+
#5426500
b100 5
1+
#5427000
0+
#5427500
b101 5
1+
#5428000
0+
#5428500
b111 O
1$
b0 5
1+
#5429000
0+
#5429500
0$
b1 5
b1111 =
1+
#5430000
0+
#5430500
b10 5
1+
#5431000
0+
#5431500
b11 5
1+
#5432000
0+
#5432500
b100 5
1+
#5433000
0+
#5433500
b101 5
1+
#5434000
0+
#5434500
b1000 O
1$
b0 5
1+
#5435000
0+
#5435500
0$
b1 5
b100 ;
b10111 @
b0 =
1+
#5436000
0+
#5436500
b10 5
1+
#5437000
0+
#5437500
b11 5
1+
#5438000
0+
#5438500
b100 5
1+
#5439000
0+
#5439500
b101 5
1+
#5440000
0+
#5440500
b1001 O
1$
b0 5
1+
#5441000
0+
#5441500
0$
b1 5
b1 =
1+
#5442000
0+
#5442500
b10 5
1+
#5443000
0+
#5443500
b11 5
1+
#5444000
0+
#5444500
b100 5
1+
#5445000
0+
#5445500
b101 5
1+
#5446000
0+
#5446500
b1010 O
1$
b0 5
1+
#5447000
0+
#5447500
0$
b1 5
b10 =
1+
#5448000
0+
#5448500
b10 5
1+
#5449000
0+
#5449500
b11 5
1+
#5450000
0+
#5450500
b100 5
1+
#5451000
0+
#5451500
b101 5
1+
#5452000
0+
#5452500
b1011 O
1$
b0 5
1+
#5453000
0+
#5453500
0$
b1 5
b11 =
1+
#5454000
0+
#5454500
b10 5
1+
#5455000
0+
#5455500
b11 5
1+
#5456000
0+
#5456500
b100 5
1+
#5457000
0+
#5457500
b101 5
1+
#5458000
0+
#5458500
b1100 O
1$
b0 5
1+
#5459000
0+
#5459500
0$
b1 5
b100 =
1+
#5460000
0+
#5460500
b10 5
1+
#5461000
0+
#5461500
b11 5
1+
#5462000
0+
#5462500
b100 5
1+
#5463000
0+
#5463500
b101 5
1+
#5464000
0+
#5464500
b1101 O
1$
b0 5
1+
#5465000
0+
#5465500
0$
b1 5
b101 =
1+
#5466000
0+
#5466500
b10 5
1+
#5467000
0+
#5467500
b11 5
1+
#5468000
0+
#5468500
b100 5
1+
#5469000
0+
#5469500
b101 5
1+
#5470000
0+
#5470500
b1110 O
1$
b0 5
1+
#5471000
0+
#5471500
0$
b1 5
b110 =
1+
#5472000
0+
#5472500
b10 5
1+
#5473000
0+
#5473500
b11 5
1+
#5474000
0+
#5474500
b100 5
1+
#5475000
0+
#5475500
b101 5
1+
#5476000
0+
#5476500
b1111 O
1$
b0 5
1+
#5477000
0+
#5477500
0$
b1 5
b111 =
1+
#5478000
0+
#5478500
b10 5
1+
#5479000
0+
#5479500
b11 5
1+
#5480000
0+
#5480500
b100 5
1+
#5481000
0+
#5481500
b101 5
1+
#5482000
0+
#5482500
b11 N
b0 O
1$
b0 5
1+
#5483000
0+
#5483500
0$
b1 5
b1000 =
1+
#5484000
0+
#5484500
b10 5
1+
#5485000
0+
#5485500
b11 5
1+
#5486000
0+
#5486500
b100 5
1+
#5487000
0+
#5487500
b101 5
1+
#5488000
0+
#5488500
b1 O
1$
b0 5
1+
#5489000
0+
#5489500
0$
b1 5
b1001 =
1+
#5490000
0+
#5490500
b10 5
1+
#5491000
0+
#5491500
b11 5
1+
#5492000
0+
#5492500
b100 5
1+
#5493000
0+
#5493500
b101 5
1+
#5494000
0+
#5494500
b10 O
1$
b0 5
1+
#5495000
0+
#5495500
0$
b1 5
b1010 =
1+
#5496000
0+
#5496500
b10 5
1+
#5497000
0+
#5497500
b11 5
1+
#5498000
0+
#5498500
b100 5
1+
#5499000
0+
#5499500
b101 5
1+
#5500000
0+
#5500500
b11 O
1$
b0 5
1+
#5501000
0+
#5501500
0$
b1 5
b1011 =
1+
#5502000
0+
#5502500
b10 5
1+
#5503000
0+
#5503500
b11 5
1+
#5504000
0+
#5504500
b100 5
1+
#5505000
0+
#5505500
b101 5
1+
#5506000
0+
#5506500
b100 O
1$
b0 5
1+
#5507000
0+
#5507500
0$
b1 5
b1100 =
1+
#5508000
0+
#5508500
b10 5
1+
#5509000
0+
#5509500
b11 5
1+
#5510000
0+
#5510500
b100 5
1+
#5511000
0+
#5511500
b101 5
1+
#5512000
0+
#5512500
b101 O
1$
b0 5
1+
#5513000
0+
#5513500
0$
b1 5
b1101 =
1+
#5514000
0+
#5514500
b10 5
1+
#5515000
0+
#5515500
b11 5
1+
#5516000
0+
#5516500
b100 5
1+
#5517000
0+
#5517500
b101 5
1+
#5518000
0+
#5518500
b110 O
1$
b0 5
1+
#5519000
0+
#5519500
0$
b1 5
b1110 =
1+
#5520000
0+
#5520500
b10 5
1+
#5521000
0+
#5521500
b11 5
1+
#5522000
0+
#5522500
b100 5
1+
#5523000
0+
#5523500
b101 5
1+
#5524000
0+
#5524500
b111 O
1$
b0 5
1+
#5525000
0+
#5525500
0$
b1 5
b1111 =
1+
#5526000
0+
#5526500
b10 5
1+
#5527000
0+
#5527500
b11 5
1+
#5528000
0+
#5528500
b100 5
1+
#5529000
0+
#5529500
b101 5
1+
#5530000
0+
#5530500
b1000 O
1$
b0 5
1+
#5531000
0+
#5531500
0$
b1 5
b101 ;
b101111 @
b0 =
1+
#5532000
0+
#5532500
b10 5
1+
#5533000
0+
#5533500
b11 5
1+
#5534000
0+
#5534500
b100 5
1+
#5535000
0+
#5535500
b101 5
1+
#5536000
0+
#5536500
b1001 O
1$
b0 5
1+
#5537000
0+
#5537500
0$
b1 5
b1 =
1+
#5538000
0+
#5538500
b10 5
1+
#5539000
0+
#5539500
b11 5
1+
#5540000
0+
#5540500
b100 5
1+
#5541000
0+
#5541500
b101 5
1+
#5542000
0+
#5542500
b1010 O
1$
b0 5
1+
#5543000
0+
#5543500
0$
b1 5
b10 =
1+
#5544000
0+
#5544500
b10 5
1+
#5545000
0+
#5545500
b11 5
1+
#5546000
0+
#5546500
b100 5
1+
#5547000
0+
#5547500
b101 5
1+
#5548000
0+
#5548500
b1011 O
1$
b0 5
1+
#5549000
0+
#5549500
0$
b1 5
b11 =
1+
#5550000
0+
#5550500
b10 5
1+
#5551000
0+
#5551500
b11 5
1+
#5552000
0+
#5552500
b100 5
1+
#5553000
0+
#5553500
b101 5
1+
#5554000
0+
#5554500
b1100 O
1$
b0 5
1+
#5555000
0+
#5555500
0$
b1 5
b100 =
1+
#5556000
0+
#5556500
b10 5
1+
#5557000
0+
#5557500
b11 5
1+
#5558000
0+
#5558500
b100 5
1+
#5559000
0+
#5559500
b101 5
1+
#5560000
0+
#5560500
b1101 O
1$
b0 5
1+
#5561000
0+
#5561500
0$
b1 5
b101 =
1+
#5562000
0+
#5562500
b10 5
1+
#5563000
0+
#5563500
b11 5
1+
#5564000
0+
#5564500
b100 5
1+
#5565000
0+
#5565500
b101 5
1+
#5566000
0+
#5566500
b1110 O
1$
b0 5
1+
#5567000
0+
#5567500
0$
b1 5
b110 =
1+
#5568000
0+
#5568500
b10 5
1+
#5569000
0+
#5569500
b11 5
1+
#5570000
0+
#5570500
b100 5
1+
#5571000
0+
#5571500
b101 5
1+
#5572000
0+
#5572500
b1111 O
1$
b0 5
1+
#5573000
0+
#5573500
0$
b1 5
b111 =
1+
#5574000
0+
#5574500
b10 5
1+
#5575000
0+
#5575500
b11 5
1+
#5576000
0+
#5576500
b100 5
1+
#5577000
0+
#5577500
b101 5
1+
#5578000
0+
#5578500
b10 N
b0 O
1$
b0 5
1+
#5579000
0+
#5579500
0$
b1 5
b1000 =
1+
#5580000
0+
#5580500
b10 5
1+
#5581000
0+
#5581500
b11 5
1+
#5582000
0+
#5582500
b100 5
1+
#5583000
0+
#5583500
b101 5
1+
#5584000
0+
#5584500
b1 O
1$
b0 5
1+
#5585000
0+
#5585500
0$
b1 5
b1001 =
1+
#5586000
0+
#5586500
b10 5
1+
#5587000
0+
#5587500
b11 5
1+
#5588000
0+
#5588500
b100 5
1+
#5589000
0+
#5589500
b101 5
1+
#5590000
0+
#5590500
b10 O
1$
b0 5
1+
#5591000
0+
#5591500
0$
b1 5
b1010 =
1+
#5592000
0+
#5592500
b10 5
1+
#5593000
0+
#5593500
b11 5
1+
#5594000
0+
#5594500
b100 5
1+
#5595000
0+
#5595500
b101 5
1+
#5596000
0+
#5596500
b11 O
1$
b0 5
1+
#5597000
0+
#5597500
0$
b1 5
b1011 =
1+
#5598000
0+
#5598500
b10 5
1+
#5599000
0+
#5599500
b11 5
1+
#5600000
0+
#5600500
b100 5
1+
#5601000
0+
#5601500
b101 5
1+
#5602000
0+
#5602500
b100 O
1$
b0 5
1+
#5603000
0+
#5603500
0$
b1 5
b1100 =
1+
#5604000
0+
#5604500
b10 5
1+
#5605000
0+
#5605500
b11 5
1+
#5606000
0+
#5606500
b100 5
1+
#5607000
0+
#5607500
b101 5
1+
#5608000
0+
#5608500
b101 O
1$
b0 5
1+
#5609000
0+
#5609500
0$
b1 5
b1101 =
1+
#5610000
0+
#5610500
b10 5
1+
#5611000
0+
#5611500
b11 5
1+
#5612000
0+
#5612500
b100 5
1+
#5613000
0+
#5613500
b101 5
1+
#5614000
0+
#5614500
b110 O
1$
b0 5
1+
#5615000
0+
#5615500
0$
b1 5
b1110 =
1+
#5616000
0+
#5616500
b10 5
1+
#5617000
0+
#5617500
b11 5
1+
#5618000
0+
#5618500
b100 5
1+
#5619000
0+
#5619500
b101 5
1+
#5620000
0+
#5620500
b111 O
1$
b0 5
1+
#5621000
0+
#5621500
0$
b1 5
b1111 =
1+
#5622000
0+
#5622500
b10 5
1+
#5623000
0+
#5623500
b11 5
1+
#5624000
0+
#5624500
b100 5
1+
#5625000
0+
#5625500
b101 5
1+
#5626000
0+
#5626500
b1000 O
1$
b0 5
1+
#5627000
0+
#5627500
0$
b1 5
b110 ;
b1011111 @
b0 =
1+
#5628000
0+
#5628500
b10 5
1+
#5629000
0+
#5629500
b11 5
1+
#5630000
0+
#5630500
b100 5
1+
#5631000
0+
#5631500
b101 5
1+
#5632000
0+
#5632500
b1001 O
1$
b0 5
1+
#5633000
0+
#5633500
0$
b1 5
b1 =
1+
#5634000
0+
#5634500
b10 5
1+
#5635000
0+
#5635500
b11 5
1+
#5636000
0+
#5636500
b100 5
1+
#5637000
0+
#5637500
b101 5
1+
#5638000
0+
#5638500
b1010 O
1$
b0 5
1+
#5639000
0+
#5639500
0$
b1 5
b10 =
1+
#5640000
0+
#5640500
b10 5
1+
#5641000
0+
#5641500
b11 5
1+
#5642000
0+
#5642500
b100 5
1+
#5643000
0+
#5643500
b101 5
1+
#5644000
0+
#5644500
b1011 O
1$
b0 5
1+
#5645000
0+
#5645500
0$
b1 5
b11 =
1+
#5646000
0+
#5646500
b10 5
1+
#5647000
0+
#5647500
b11 5
1+
#5648000
0+
#5648500
b100 5
1+
#5649000
0+
#5649500
b101 5
1+
#5650000
0+
#5650500
b1100 O
1$
b0 5
1+
#5651000
0+
#5651500
0$
b1 5
b100 =
1+
#5652000
0+
#5652500
b10 5
1+
#5653000
0+
#5653500
b11 5
1+
#5654000
0+
#5654500
b100 5
1+
#5655000
0+
#5655500
b101 5
1+
#5656000
0+
#5656500
b1101 O
1$
b0 5
1+
#5657000
0+
#5657500
0$
b1 5
b101 =
1+
#5658000
0+
#5658500
b10 5
1+
#5659000
0+
#5659500
b11 5
1+
#5660000
0+
#5660500
b100 5
1+
#5661000
0+
#5661500
b101 5
1+
#5662000
0+
#5662500
b1110 O
1$
b0 5
1+
#5663000
0+
#5663500
0$
b1 5
b110 =
1+
#5664000
0+
#5664500
b10 5
1+
#5665000
0+
#5665500
b11 5
1+
#5666000
0+
#5666500
b100 5
1+
#5667000
0+
#5667500
b101 5
1+
#5668000
0+
#5668500
b1111 O
1$
b0 5
1+
#5669000
0+
#5669500
0$
b1 5
b111 =
1+
#5670000
0+
#5670500
b10 5
1+
#5671000
0+
#5671500
b11 5
1+
#5672000
0+
#5672500
b100 5
1+
#5673000
0+
#5673500
b101 5
1+
#5674000
0+
#5674500
b1 N
b0 O
1$
b0 5
1+
#5675000
0+
#5675500
0$
b1 5
b1000 =
1+
#5676000
0+
#5676500
b10 5
1+
#5677000
0+
#5677500
b11 5
1+
#5678000
0+
#5678500
b100 5
1+
#5679000
0+
#5679500
b101 5
1+
#5680000
0+
#5680500
b1 O
1$
b0 5
1+
#5681000
0+
#5681500
0$
b1 5
b1001 =
1+
#5682000
0+
#5682500
b10 5
1+
#5683000
0+
#5683500
b11 5
1+
#5684000
0+
#5684500
b100 5
1+
#5685000
0+
#5685500
b101 5
1+
#5686000
0+
#5686500
b10 O
1$
b0 5
1+
#5687000
0+
#5687500
0$
b1 5
b1010 =
1+
#5688000
0+
#5688500
b10 5
1+
#5689000
0+
#5689500
b11 5
1+
#5690000
0+
#5690500
b100 5
1+
#5691000
0+
#5691500
b101 5
1+
#5692000
0+
#5692500
b11 O
1$
b0 5
1+
#5693000
0+
#5693500
0$
b1 5
b1011 =
1+
#5694000
0+
#5694500
b10 5
1+
#5695000
0+
#5695500
b11 5
1+
#5696000
0+
#5696500
b100 5
1+
#5697000
0+
#5697500
b101 5
1+
#5698000
0+
#5698500
b100 O
1$
b0 5
1+
#5699000
0+
#5699500
0$
b1 5
b1100 =
1+
#5700000
0+
#5700500
b10 5
1+
#5701000
0+
#5701500
b11 5
1+
#5702000
0+
#5702500
b100 5
1+
#5703000
0+
#5703500
b101 5
1+
#5704000
0+
#5704500
b101 O
1$
b0 5
1+
#5705000
0+
#5705500
0$
b1 5
b1101 =
1+
#5706000
0+
#5706500
b10 5
1+
#5707000
0+
#5707500
b11 5
1+
#5708000
0+
#5708500
b100 5
1+
#5709000
0+
#5709500
b101 5
1+
#5710000
0+
#5710500
b110 O
1$
b0 5
1+
#5711000
0+
#5711500
0$
b1 5
b1110 =
1+
#5712000
0+
#5712500
b10 5
1+
#5713000
0+
#5713500
b11 5
1+
#5714000
0+
#5714500
b100 5
1+
#5715000
0+
#5715500
b101 5
1+
#5716000
0+
#5716500
b111 O
1$
b0 5
1+
#5717000
0+
#5717500
0$
b1 5
b1111 =
1+
#5718000
0+
#5718500
b10 5
1+
#5719000
0+
#5719500
b11 5
1+
#5720000
0+
#5720500
b100 5
1+
#5721000
0+
#5721500
b101 5
1+
#5722000
0+
#5722500
b1000 O
1$
b0 5
1+
#5723000
0+
#5723500
0$
b1 5
b111 ;
b10111111 @
b0 =
1+
#5724000
0+
#5724500
b10 5
1+
#5725000
0+
#5725500
b11 5
1+
#5726000
0+
#5726500
b100 5
1+
#5727000
0+
#5727500
b101 5
1+
#5728000
0+
#5728500
b1001 O
1$
b0 5
1+
#5729000
0+
#5729500
0$
b1 5
b1 =
1+
#5730000
0+
#5730500
b10 5
1+
#5731000
0+
#5731500
b11 5
1+
#5732000
0+
#5732500
b100 5
1+
#5733000
0+
#5733500
b101 5
1+
#5734000
0+
#5734500
b1010 O
1$
b0 5
1+
#5735000
0+
#5735500
0$
b1 5
b10 =
1+
#5736000
0+
#5736500
b10 5
1+
#5737000
0+
#5737500
b11 5
1+
#5738000
0+
#5738500
b100 5
1+
#5739000
0+
#5739500
b101 5
1+
#5740000
0+
#5740500
b1011 O
1$
b0 5
1+
#5741000
0+
#5741500
0$
b1 5
b11 =
1+
#5742000
0+
#5742500
b10 5
1+
#5743000
0+
#5743500
b11 5
1+
#5744000
0+
#5744500
b100 5
1+
#5745000
0+
#5745500
b101 5
1+
#5746000
0+
#5746500
b1100 O
1$
b0 5
1+
#5747000
0+
#5747500
0$
b1 5
b100 =
1+
#5748000
0+
#5748500
b10 5
1+
#5749000
0+
#5749500
b11 5
1+
#5750000
0+
#5750500
b100 5
1+
#5751000
0+
#5751500
b101 5
1+
#5752000
0+
#5752500
b1101 O
1$
b0 5
1+
#5753000
0+
#5753500
0$
b1 5
b101 =
1+
#5754000
0+
#5754500
b10 5
1+
#5755000
0+
#5755500
b11 5
1+
#5756000
0+
#5756500
b100 5
1+
#5757000
0+
#5757500
b101 5
1+
#5758000
0+
#5758500
b1110 O
1$
b0 5
1+
#5759000
0+
#5759500
0$
b1 5
b110 =
1+
#5760000
0+
#5760500
b10 5
1+
#5761000
0+
#5761500
b11 5
1+
#5762000
0+
#5762500
b100 5
1+
#5763000
0+
#5763500
b101 5
1+
#5764000
0+
#5764500
b1111 O
1$
b0 5
1+
#5765000
0+
#5765500
0$
b1 5
b111 =
1+
#5766000
0+
#5766500
b10 5
1+
#5767000
0+
#5767500
b11 5
1+
#5768000
0+
#5768500
b100 5
1+
#5769000
0+
#5769500
b101 5
1+
#5770000
0+
#5770500
b0 N
b0 O
1$
b0 5
1+
#5771000
0+
#5771500
0$
b1 5
b1000 =
1+
#5772000
0+
#5772500
b10 5
1+
#5773000
0+
#5773500
b11 5
1+
#5774000
0+
#5774500
b100 5
1+
#5775000
0+
#5775500
b101 5
1+
#5776000
0+
#5776500
b1 O
1$
b0 5
1+
#5777000
0+
#5777500
0$
b1 5
b1001 =
1+
#5778000
0+
#5778500
b10 5
1+
#5779000
0+
#5779500
b11 5
1+
#5780000
0+
#5780500
b100 5
1+
#5781000
0+
#5781500
b101 5
1+
#5782000
0+
#5782500
b10 O
1$
b0 5
1+
#5783000
0+
#5783500
0$
b1 5
b1010 =
1+
#5784000
0+
#5784500
b10 5
1+
#5785000
0+
#5785500
b11 5
1+
#5786000
0+
#5786500
b100 5
1+
#5787000
0+
#5787500
b101 5
1+
#5788000
0+
#5788500
b11 O
1$
b0 5
1+
#5789000
0+
#5789500
0$
b1 5
b1011 =
1+
#5790000
0+
#5790500
b10 5
1+
#5791000
0+
#5791500
b11 5
1+
#5792000
0+
#5792500
b100 5
1+
#5793000
0+
#5793500
b101 5
1+
#5794000
0+
#5794500
b100 O
1$
b0 5
1+
#5795000
0+
#5795500
0$
b1 5
b1100 =
1+
#5796000
0+
#5796500
b10 5
1+
#5797000
0+
#5797500
b11 5
1+
#5798000
0+
#5798500
b100 5
1+
#5799000
0+
#5799500
b101 5
1+
#5800000
0+
#5800500
b101 O
1$
b0 5
1+
#5801000
0+
#5801500
0$
b1 5
b1101 =
1+
#5802000
0+
#5802500
b10 5
1+
#5803000
0+
#5803500
b11 5
1+
#5804000
0+
#5804500
b100 5
1+
#5805000
0+
#5805500
b101 5
1+
#5806000
0+
#5806500
b110 O
1$
b0 5
1+
#5807000
0+
#5807500
0$
b1 5
b1110 =
1+
#5808000
0+
#5808500
b10 5
1+
#5809000
0+
#5809500
b11 5
1+
#5810000
0+
#5810500
b100 5
1+
#5811000
0+
#5811500
b101 5
1+
#5812000
0+
#5812500
b111 O
1$
b0 5
1+
#5813000
0+
#5813500
0$
b1 5
b1111 =
1+
#5814000
0+
#5814500
b10 5
1+
#5815000
0+
#5815500
b11 5
1+
#5816000
0+
#5816500
b100 5
1+
#5817000
0+
#5817500
b101 5
1+
#5818000
0+
#5818500
b1000 O
1$
b0 5
1+
#5819000
0+
#5819500
0$
b1 5
b11 A
b0 ;
b1111111 @
b0 =
1+
#5820000
0+
#5820500
b10 5
1+
#5821000
0+
#5821500
b11 5
1+
#5822000
0+
#5822500
b100 5
1+
#5823000
0+
#5823500
b101 5
1+
#5824000
0+
#5824500
b1001 O
1$
b0 5
1+
#5825000
0+
#5825500
0$
b1 5
b1 =
1+
#5826000
0+
#5826500
b10 5
1+
#5827000
0+
#5827500
b11 5
1+
#5828000
0+
#5828500
b100 5
1+
#5829000
0+
#5829500
b101 5
1+
#5830000
0+
#5830500
b1010 O
1$
b0 5
1+
#5831000
0+
#5831500
0$
b1 5
b10 =
1+
#5832000
0+
#5832500
b10 5
1+
#5833000
0+
#5833500
b11 5
1+
#5834000
0+
#5834500
b100 5
1+
#5835000
0+
#5835500
b101 5
1+
#5836000
0+
#5836500
b1011 O
1$
b0 5
1+
#5837000
0+
#5837500
0$
b1 5
b11 =
1+
#5838000
0+
#5838500
b10 5
1+
#5839000
0+
#5839500
b11 5
1+
#5840000
0+
#5840500
b100 5
1+
#5841000
0+
#5841500
b101 5
1+
#5842000
0+
#5842500
b1100 O
1$
b0 5
1+
#5843000
0+
#5843500
0$
b1 5
b100 =
1+
#5844000
0+
#5844500
b10 5
1+
#5845000
0+
#5845500
b11 5
1+
#5846000
0+
#5846500
b100 5
1+
#5847000
0+
#5847500
b101 5
1+
#5848000
0+
#5848500
b1101 O
1$
b0 5
1+
#5849000
0+
#5849500
0$
b1 5
b101 =
1+
#5850000
0+
#5850500
b10 5
1+
#5851000
0+
#5851500
b11 5
1+
#5852000
0+
#5852500
b100 5
1+
#5853000
0+
#5853500
b101 5
1+
#5854000
0+
#5854500
b1110 O
1$
b0 5
1+
#5855000
0+
#5855500
0$
b1 5
b110 =
1+
#5856000
0+
#5856500
b10 5
1+
#5857000
0+
#5857500
b11 5
1+
#5858000
0+
#5858500
b100 5
1+
#5859000
0+
#5859500
b101 5
1+
#5860000
0+
#5860500
b1111 O
1$
b0 5
1+
#5861000
0+
#5861500
0$
b1 5
b111 =
1+
#5862000
0+
#5862500
b10 5
1+
#5863000
0+
#5863500
b11 5
1+
#5864000
0+
#5864500
b100 5
1+
#5865000
0+
#5865500
b101 5
1+
#5866000
0+
#5866500
b11111111111111111111111111111111 N
b0 O
1$
b0 5
1+
#5867000
0+
#5867500
0$
b1 5
b1000 =
1+
#5868000
0+
#5868500
b10 5
1+
#5869000
0+
#5869500
b11 5
1+
#5870000
0+
#5870500
b100 5
1+
#5871000
0+
#5871500
b101 5
1+
#5872000
0+
#5872500
b1 O
1$
b0 5
1+
#5873000
0+
#5873500
0$
b1 5
b1001 =
1+
#5874000
0+
#5874500
b10 5
1+
#5875000
0+
#5875500
b11 5
1+
#5876000
0+
#5876500
b100 5
1+
#5877000
0+
#5877500
b101 5
1+
#5878000
0+
#5878500
b10 O
1$
b0 5
1+
#5879000
0+
#5879500
0$
b1 5
b1010 =
1+
#5880000
0+
#5880500
b10 5
1+
#5881000
0+
#5881500
b11 5
1+
#5882000
0+
#5882500
b100 5
1+
#5883000
0+
#5883500
b101 5
1+
#5884000
0+
#5884500
b11 O
1$
b0 5
1+
#5885000
0+
#5885500
0$
b1 5
b1011 =
1+
#5886000
0+
#5886500
b10 5
1+
#5887000
0+
#5887500
b11 5
1+
#5888000
0+
#5888500
b100 5
1+
#5889000
0+
#5889500
b101 5
1+
#5890000
0+
#5890500
b100 O
1$
b0 5
1+
#5891000
0+
#5891500
0$
b1 5
b1100 =
1+
#5892000
0+
#5892500
b10 5
1+
#5893000
0+
#5893500
b11 5
1+
#5894000
0+
#5894500
b100 5
1+
#5895000
0+
#5895500
b101 5
1+
#5896000
0+
#5896500
b101 O
1$
b0 5
1+
#5897000
0+
#5897500
0$
b1 5
b1101 =
1+
#5898000
0+
#5898500
b10 5
1+
#5899000
0+
#5899500
b11 5
1+
#5900000
0+
#5900500
b100 5
1+
#5901000
0+
#5901500
b101 5
1+
#5902000
0+
#5902500
b110 O
1$
b0 5
1+
#5903000
0+
#5903500
0$
b1 5
b1110 =
1+
#5904000
0+
#5904500
b10 5
1+
#5905000
0+
#5905500
b11 5
1+
#5906000
0+
#5906500
b100 5
1+
#5907000
0+
#5907500
b101 5
1+
#5908000
0+
#5908500
b111 O
1$
b0 5
1+
#5909000
0+
#5909500
0$
b1 5
b1111 =
1+
#5910000
0+
#5910500
b10 5
1+
#5911000
0+
#5911500
b11 5
1+
#5912000
0+
#5912500
b100 5
1+
#5913000
0+
#5913500
b101 5
1+
#5914000
0+
#5914500
b1000 O
1$
b0 5
1+
#5915000
0+
#5915500
0$
b1 5
b0 A
1%
b1111111 '
b1111111 <
b0 =
1+
#5916000
0+
#5916500
0%
b10 5
1+
#5917000
0+
#5917500
b11 5
1+
#5918000
0+
#5918500
b100 5
1+
#5919000
0+
#5919500
b101 5
1+
#5920000
0+
#5920500
b1001 O
1$
b0 5
1+
#5921000
0+
#5921500
0$
b1 5
1+
#5922000
0+
#5922500
b10 5
1+
#5923000
0+
#5923500
b11 5
1+
#5924000
0+
#5924500
b100 5
1+
#5925000
0+
#5925500
b101 5
1+
#5926000
0+
#5926500
b1010 O
1$
b0 5
1+
#5927000
0+
#5927500
0$
b1 5
1+
#5928000
0+
#5928500
b10 5
1+
#5929000
0+
#5929500
b11 5
1+
#5930000
0+
#5930500
b100 5
1+
#5931000
0+
#5931500
b101 5
1+
#5932000
0+
#5932500
b1011 O
1$
b0 5
1+
#5933000
0+
#5933500
0$
b1 5
1+
#5934000
0+
#5934500
b10 5
1+
#5935000
0+
#5935500
b11 5
1+
#5936000
0+
#5936500
b100 5
1+
#5937000
0+
#5937500
b101 5
1+
#5938000
0+
#5938500
b1100 O
1$
b0 5
1+
#5939000
0+
#5939500
0$
b1 5
1+
#5940000
0+
#5940500
b10 5
1+
#5941000
0+
#5941500
b11 5
1+
#5942000
0+
#5942500
b100 5
1+
#5943000
0+
#5943500
b101 5
1+
#5944000
0+
#5944500
b1101 O
1$
b0 5
1+
#5945000
0+
#5945500
0$
b1 5
1+
#5946000
0+
#5946500
b10 5
1+
#5947000
0+
#5947500
b11 5
1+
#5948000
0+
#5948500
b100 5
1+
#5949000
0+
#5949500
b101 5
1+
#5950000
0+
#5950500
b1110 O
1$
b0 5
1+
#5951000
0+
#5951500
0$
b1 5
1+
#5952000
0+
#5952500
b10 5
1+
#5953000
0+
#5953500
b11 5
1+
#5954000
0+
#5954500
b100 5
1+
#5955000
0+
#5955500
b101 5
1+
#5956000
0+
#5956500
b1111 O
1$
b0 5
1+
#5957000
0+
#5957500
0$
b1 5
1+
#5958000
0+
#5958500
b10 5
1+
#5959000
0+
#5959500
b11 5
1+
#5960000
0+
#5960500
b100 5
1+
#5961000
0+
#5961500
b101 5
1+
#5962000
0+
#5962500
b0 O
1$
b0 5
1+
#5963000
0+
#5963500
0$
b1 5
1+
#5964000
0+
#5964500
b10 5
1+
#5965000
0+
#5965500
b11 5
1+
#5966000
0+
#5966500
b100 5
1+
#5967000
0+
#5967500
b101 5
1+
#5968000
0+
#5968500
b1 O
1$
b0 5
1+
#5969000
0+
#5969500
0$
b1 5
1+
#5970000
0+
#5970500
b10 5
1+
#5971000
0+
#5971500
b11 5
1+
#5972000
0+
#5972500
b100 5
1+
#5973000
0+
#5973500
b101 5
1+
#5974000
0+
#5974500
b10 O
1$
b0 5
1+
#5975000
0+
#5975500
0$
b1 5
1+
#5976000
0+
#5976500
b10 5
1+
#5977000
0+
#5977500
b11 5
1+
#5978000
0+
#5978500
b100 5
1+
#5979000
0+
#5979500
b101 5
1+
#5980000
0+
#5980500
b11 O
1$
b0 5
1+
#5981000
0+
#5981500
0$
b1 5
1+
#5982000
0+
#5982500
b10 5
1+
#5983000
0+
#5983500
b11 5
1+
#5984000
0+
#5984500
b100 5
1+
#5985000
0+
#5985500
b101 5
1+
#5986000
0+
#5986500
b100 O
1$
b0 5
1+
#5987000
0+
#5987500
0$
b1 5
1+
#5988000
0+
#5988500
b10 5
1+
#5989000
0+
#5989500
b11 5
1+
#5990000
0+
#5990500
b100 5
1+
#5991000
0+
#5991500
b101 5
1+
#5992000
0+
#5992500
b101 O
1$
b0 5
1+
#5993000
0+
#5993500
0$
b1 5
1+
#5994000
0+
#5994500
b10 5
1+
#5995000
0+
#5995500
b11 5
1+
#5996000
0+
#5996500
b100 5
1+
#5997000
0+
#5997500
b101 5
1+
#5998000
0+
#5998500
b110 O
1$
b0 5
1+
#5999000
0+
#5999500
0$
b1 5
1+
#6000000
0+
#6000500
b10 5
1+
#6001000
0+
#6001500
b11 5
1+
#6002000
0+
#6002500
b100 5
1+
#6003000
0+
#6003500
b101 5
1+
#6004000
0+
#6004500
b111 O
1$
b0 5
1+
#6005000
0+
#6005500
0$
b1 5
1+
#6006000
0+
#6006500
b10 5
1+
#6007000
0+
#6007500
b11 5
1+
#6008000
0+
#6008500
b100 5
1+
#6009000
0+
#6009500
b101 5
1+
#6010000
0+
#6010500
b1000 O
1$
b0 5
1+
#6011000
0+
#6011500
0$
b1 5
1+
#6012000
0+
#6012500
b10 5
1+
#6013000
0+
#6013500
b11 5
1+
#6014000
0+
#6014500
b100 5
1+
#6015000
0+
#6015500
b101 5
1+
#6016000
0+
#6016500
b1001 O
1$
b0 5
1+
#6017000
0+
#6017500
0$
b1 5
1+
#6018000
0+
#6018500
b10 5
1+
#6019000
0+
#6019500
b11 5
1+
#6020000
0+
#6020500
b100 5
1+
#6021000
0+
#6021500
b101 5
1+
#6022000
0+
#6022500
b1010 O
1$
b0 5
1+
#6023000
0+
#6023500
0$
b1 5
1+
#6024000
0+
#6024500
b10 5
1+
#6025000
0+
#6025500
b11 5
1+
#6026000
0+
#6026500
b100 5
1+
#6027000
0+
#6027500
b101 5
1+
#6028000
0+
#6028500
b1011 O
1$
b0 5
1+
#6029000
0+
#6029500
0$
b1 5
1+
#6030000
0+
#6030500
b10 5
1+
#6031000
0+
#6031500
b11 5
1+
#6032000
0+
#6032500
b100 5
1+
#6033000
0+
#6033500
b101 5
1+
#6034000
0+
#6034500
b1100 O
1$
b0 5
1+
#6035000
0+
#6035500
0$
b1 5
1+
#6036000
0+
#6036500
b10 5
1+
#6037000
0+
#6037500
b11 5
1+
#6038000
0+
#6038500
b100 5
1+
#6039000
0+
#6039500
b101 5
1+
#6040000
0+
#6040500
b1101 O
1$
b0 5
1+
#6041000
0+
#6041500
0$
b1 5
1+
#6042000
0+
#6042500
b10 5
1+
#6043000
0+
#6043500
b11 5
1+
#6044000
0+
#6044500
b100 5
1+
#6045000
0+
#6045500
b101 5
1+
#6046000
0+
#6046500
b1110 O
1$
b0 5
1+
#6047000
0+
#6047500
0$
b1 5
1+
#6048000
0+
#6048500
b10 5
1+
#6049000
0+
#6049500
b11 5
1+
#6050000
0+
#6050500
b100 5
1+
#6051000
0+
#6051500
b101 5
1+
#6052000
0+
#6052500
b1111 O
1$
b0 5
1+
#6053000
0+
#6053500
0$
b1 5
1+
#6054000
0+
#6054500
b10 5
1+
#6055000
0+
#6055500
b11 5
1+
#6056000
0+
#6056500
b100 5
1+
#6057000
0+
#6057500
b101 5
1+
#6058000
0+
#6058500
b10000 O
1$
b0 5
1+
#6059000
0+
#6059500
0$
b1 5
1+
#6060000
0+
#6060500
b10 5
1+
#6061000
0+
#6061500
b11 5
1+
#6062000
0+
#6062500
b100 5
1+
#6063000
0+
#6063500
b101 5
1+
#6064000
0+
#6064500
b10001 O
1$
b0 5
1+
#6065000
0+
#6065500
0$
b1 5
1+
#6066000
0+
#6066500
b10 5
1+
#6067000
0+
#6067500
b11 5
1+
#6068000
0+
#6068500
b100 5
1+
#6069000
0+
#6069500
b101 5
1+
#6070000
0+
#6070500
b10010 O
1$
b0 5
1+
#6071000
0+
#6071500
0$
b1 5
1+
#6072000
0+
#6072500
b10 5
1+
#6073000
0+
#6073500
b11 5
1+
#6074000
0+
#6074500
b100 5
1+
#6075000
0+
#6075500
b101 5
1+
#6076000
0+
#6076500
b10011 O
1$
b0 5
1+
#6077000
0+
#6077500
0$
b1 5
1+
#6078000
0+
#6078500
b10 5
1+
#6079000
0+
#6079500
b11 5
1+
#6080000
0+
#6080500
b100 5
1+
#6081000
0+
#6081500
b101 5
1+
#6082000
0+
#6082500
b10100 O
1$
b0 5
1+
#6083000
0+
#6083500
0$
b1 5
1+
#6084000
0+
#6084500
b10 5
1+
#6085000
0+
#6085500
b11 5
1+
#6086000
0+
#6086500
b100 5
1+
#6087000
0+
#6087500
b101 5
1+
#6088000
0+
#6088500
b10101 O
1$
b0 5
1+
#6089000
0+
#6089500
0$
b1 5
1+
#6090000
0+
#6090500
b10 5
1+
#6091000
0+
#6091500
b11 5
1+
#6092000
0+
#6092500
b100 5
1+
#6093000
0+
#6093500
b101 5
1+
#6094000
0+
#6094500
b10110 O
1$
b0 5
1+
#6095000
0+
#6095500
0$
b1 5
1+
#6096000
0+
#6096500
b10 5
1+
#6097000
0+
#6097500
b11 5
1+
#6098000
0+
#6098500
b100 5
1+
#6099000
0+
#6099500
b101 5
1+
#6100000
0+
#6100500
b10111 O
1$
b0 5
1+
#6101000
0+
#6101500
0$
b1 5
1+
#6102000
0+
#6102500
b10 5
1+
#6103000
0+
#6103500
b11 5
1+
#6104000
0+
#6104500
b100 5
1+
#6105000
0+
#6105500
b101 5
1+
#6106000
0+
#6106500
b11000 O
1$
b0 5
1+
#6107000
0+
#6107500
0$
b1 5
1+
#6108000
0+
#6108500
b10 5
1+
#6109000
0+
#6109500
b11 5
1+
#6110000
0+
#6110500
b100 5
1+
#6111000
0+
#6111500
b101 5
1+
#6112000
0+
#6112500
b11001 O
1$
b0 5
1+
#6113000
0+
#6113500
0$
b1 5
1+
#6114000
0+
#6114500
b10 5
1+
#6115000
0+
#6115500
b11 5
1+
#6116000
0+
#6116500
b100 5
1+
#6117000
0+
#6117500
b101 5
1+
#6118000
0+
#6118500
b11010 O
1$
b0 5
1+
#6119000
0+
#6119500
0$
b1 5
1+
#6120000
0+
#6120500
b10 5
1+
#6121000
0+
#6121500
b11 5
1+
#6122000
0+
#6122500
b100 5
1+
#6123000
0+
#6123500
b101 5
1+
#6124000
0+
#6124500
b11011 O
1$
b0 5
1+
#6125000
0+
#6125500
0$
b1 5
1+
#6126000
0+
#6126500
b10 5
1+
#6127000
0+
#6127500
b11 5
1+
#6128000
0+
#6128500
b100 5
1+
#6129000
0+
#6129500
b101 5
1+
#6130000
0+
#6130500
b11100 O
1$
b0 5
1+
#6131000
0+
#6131500
0$
b1 5
1+
#6132000
0+
#6132500
b10 5
1+
#6133000
0+
#6133500
b11 5
1+
#6134000
0+
#6134500
b100 5
1+
#6135000
0+
#6135500
b101 5
1+
#6136000
0+
#6136500
b11101 O
1$
b0 5
1+
#6137000
0+
#6137500
0$
b1 5
1+
#6138000
0+
#6138500
b10 5
1+
#6139000
0+
#6139500
b11 5
1+
#6140000
0+
#6140500
b100 5
1+
#6141000
0+
#6141500
b101 5
1+
#6142000
0+
#6142500
b11110 O
1$
b0 5
1+
#6143000
0+
#6143500
0$
b1 5
1+
#6144000
0+
#6144500
b10 5
1+
#6145000
0+
#6145500
b11 5
1+
#6146000
0+
#6146500
b100 5
1+
#6147000
0+
#6147500
b101 5
1+
#6148000
0+
#6148500
b11111 O
1$
b0 5
1+
#6149000
0+
#6149500
0$
b1 5
1+
#6150000
0+
#6150500
b10 5
1+
#6151000
0+
#6151500
b11 5
1+
#6152000
0+
#6152500
b100 5
1+
#6153000
0+
#6153500
b101 5
1+
#6154000
0+
#6154500
b100000 O
1$
b0 5
1+
#6155000
0+
#6155500
0$
b1 5
1+
#6156000
0+
#6156500
b10 5
1+
#6157000
0+
#6157500
b11 5
1+
#6158000
0+
#6158500
b100 5
1+
#6159000
0+
#6159500
b101 5
1+
#6160000
0+
#6160500
1$
b0 5
1+
#6161000
0+
#6161500
0$
b1 5
1+
#6162000
0+
#6162500
b10 5
1+
#6163000
0+
#6163500
b11 5
1+
#6164000
0+
#6164500
b100 5
1+
#6165000
0+
#6165500
b101 5
1+
#6166000
0+
#6166500
1$
b0 5
1+
#6167000
0+
#6167500
0$
b1 5
1+
#6168000
0+
#6168500
b10 5
1+
#6169000
0+
#6169500
b11 5
1+
#6170000
0+
#6170500
b100 5
1+
#6171000
0+
#6171500
b101 5
1+
#6172000
0+
#6172500
1$
b0 5
1+
#6173000
0+
#6173500
0$
b1 5
1+
#6174000
0+
#6174500
b10 5
1+
#6175000
0+
#6175500
b11 5
1+
#6176000
0+
#6176500
b100 5
1+
#6177000
0+
#6177500
b101 5
1+
#6178000
0+
#6178500
1$
b0 5
1+
#6179000
0+
#6179500
0$
b1 5
1+
#6180000
0+
#6180500
b10 5
1+
#6181000
0+
#6181500
b11 5
1+
#6182000
0+
#6182500
b100 5
1+
#6183000
0+
#6183500
b101 5
1+
#6184000
0+
#6184500
1$
b0 5
1+
#6185000
0+
#6185500
0$
b1 5
1+
#6186000
0+
#6186500
b10 5
1+
#6187000
0+
#6187500
b11 5
1+
#6188000
0+
#6188500
b100 5
1+
#6189000
0+
#6189500
b101 5
1+
#6190000
0+
#6190500
1$
b0 5
1+
#6191000
0+
#6191500
0$
b1 5
1+
#6192000
0+
#6192500
b10 5
1+
#6193000
0+
#6193500
b11 5
1+
#6194000
0+
#6194500
b100 5
1+
#6195000
0+
#6195500
b101 5
1+
#6196000
0+
#6196500
1$
b0 5
1+
#6197000
0+
#6197500
0$
b1 5
1+
#6198000
0+
#6198500
b10 5
1+
#6199000
0+
#6199500
b11 5
1+
#6200000
0+
#6200500
b100 5
1+
#6201000
0+
#6201500
b101 5
1+
#6202000
0+
#6202500
1$
b0 5
1+
#6203000
0+
#6203500
0$
b1 5
1+
#6204000
0+
#6204500
b10 5
1+
#6205000
0+
#6205500
b11 5
1+
#6206000
0+
#6206500
b100 5
1+
#6207000
0+
#6207500
b101 5
1+
#6208000
0+
#6208500
1$
b0 5
1+
#6209000
0+
#6209500
0$
b1 5
1+
#6210000
0+
#6210500
b10 5
1+
#6211000
0+
#6211500
b11 5
1+
#6212000
0+
#6212500
b100 5
1+
#6213000
0+
#6213500
b101 5
1+
#6214000
0+
#6214500
1$
b0 5
1+
#6215000
0+
#6215500
0$
b1 5
1+
#6216000
0+
#6216500
b10 5
1+
#6217000
0+
#6217500
b11 5
1+
#6218000
0+
#6218500
b100 5
1+
#6219000
0+
#6219500
b101 5
1+
#6220000
0+
#6220500
1$
b0 5
1+
#6221000
0+
#6221500
0$
b1 5
1+
#6222000
0+
#6222500
b10 5
1+
#6223000
0+
#6223500
b11 5
1+
#6224000
0+
#6224500
b100 5
1+
#6225000
0+
#6225500
b101 5
1+
#6226000
0+
#6226500
1$
b0 5
1+
#6227000
0+
#6227500
0$
b1 5
1+
#6228000
0+
#6228500
b10 5
1+
#6229000
0+
#6229500
b11 5
1+
#6230000
0+
#6230500
b100 5
1+
#6231000
0+
#6231500
b101 5
1+
#6232000
0+
#6232500
1$
b0 5
1+
#6233000
0+
#6233500
0$
b1 5
1+
#6234000
0+
#6234500
b10 5
1+
#6235000
0+
#6235500
b11 5
1+
#6236000
0+
#6236500
b100 5
1+
#6237000
0+
#6237500
b101 5
1+
#6238000
0+
#6238500
1$
b0 5
1+
#6239000
0+
#6239500
0$
b1 5
1+
#6240000
0+
#6240500
b10 5
1+
#6241000
0+
#6241500
b11 5
1+
#6242000
0+
#6242500
b100 5
1+
#6243000
0+
#6243500
b101 5
1+
#6244000
0+
#6244500
1$
b0 5
1+
#6245000
0+
#6245500
0$
b1 5
1+
#6246000
0+
#6246500
b10 5
1+
#6247000
0+
#6247500
b11 5
1+
#6248000
0+
#6248500
b100 5
1+
#6249000
0+
#6249500
b101 5
1+
#6250000
0+
#6250500
1$
b0 5
1+
#6251000
0+
#6251500
0$
b1 5
1+
#6252000
0+
#6252500
b10 5
1+
#6253000
0+
#6253500
b11 5
1+
#6254000
0+
#6254500
b100 5
1+
